--
-- PostgreSQL database dump
--

-- Dumped from database version 17.5
-- Dumped by pg_dump version 17.5

SET statement_timeout = 0;
SET lock_timeout = 0;
SET idle_in_transaction_session_timeout = 0;
SET transaction_timeout = 0;
SET client_encoding = 'UTF8';
SET standard_conforming_strings = on;
SELECT pg_catalog.set_config('search_path', '', false);
SET check_function_bodies = false;
SET xmloption = content;
SET client_min_messages = warning;
SET row_security = off;

--
-- Name: pgcrypto; Type: EXTENSION; Schema: -; Owner: -
--

CREATE EXTENSION IF NOT EXISTS pgcrypto WITH SCHEMA public;


--
-- Name: EXTENSION pgcrypto; Type: COMMENT; Schema: -; Owner: 
--

COMMENT ON EXTENSION pgcrypto IS 'cryptographic functions';


--
-- Name: facing_direction; Type: TYPE; Schema: public; Owner: postgres
--

CREATE TYPE public.facing_direction AS ENUM (
    'north',
    'south',
    'east',
    'west',
    'northeast',
    'northwest',
    'southeast',
    'southwest'
);


ALTER TYPE public.facing_direction OWNER TO postgres;

--
-- Name: furnishing_type; Type: TYPE; Schema: public; Owner: postgres
--

CREATE TYPE public.furnishing_type AS ENUM (
    'unfurnished',
    'semi-furnished',
    'fully-furnished'
);


ALTER TYPE public.furnishing_type OWNER TO postgres;

--
-- Name: update_plot_details_updated_at(); Type: FUNCTION; Schema: public; Owner: postgres
--

CREATE FUNCTION public.update_plot_details_updated_at() RETURNS trigger
    LANGUAGE plpgsql
    AS $$
BEGIN
    NEW.updated_at = CURRENT_TIMESTAMP;
    RETURN NEW;
END;
$$;


ALTER FUNCTION public.update_plot_details_updated_at() OWNER TO postgres;

SET default_tablespace = '';

SET default_table_access_method = heap;

--
-- Name: agricultural_land_details; Type: TABLE; Schema: public; Owner: postgres
--

CREATE TABLE public.agricultural_land_details (
    id integer NOT NULL,
    property_id integer NOT NULL,
    total_area_acres numeric(10,2) NOT NULL,
    soil_type text,
    water_source text,
    fencing boolean DEFAULT false,
    electricity_connection boolean DEFAULT false,
    road_access boolean DEFAULT false,
    facing public.facing_direction DEFAULT 'east'::public.facing_direction,
    suitable_for text,
    survey_number text,
    patta_available boolean DEFAULT false,
    created_at timestamp without time zone DEFAULT CURRENT_TIMESTAMP,
    updated_at timestamp without time zone DEFAULT CURRENT_TIMESTAMP
);


ALTER TABLE public.agricultural_land_details OWNER TO postgres;

--
-- Name: agricultural_land_details_id_seq; Type: SEQUENCE; Schema: public; Owner: postgres
--

CREATE SEQUENCE public.agricultural_land_details_id_seq
    AS integer
    START WITH 1
    INCREMENT BY 1
    NO MINVALUE
    NO MAXVALUE
    CACHE 1;


ALTER SEQUENCE public.agricultural_land_details_id_seq OWNER TO postgres;

--
-- Name: agricultural_land_details_id_seq; Type: SEQUENCE OWNED BY; Schema: public; Owner: postgres
--

ALTER SEQUENCE public.agricultural_land_details_id_seq OWNED BY public.agricultural_land_details.id;


--
-- Name: apartment_details; Type: TABLE; Schema: public; Owner: postgres
--

CREATE TABLE public.apartment_details (
    id integer NOT NULL,
    property_id integer NOT NULL,
    property_type_id integer NOT NULL,
    bhk integer,
    bedrooms integer,
    bathrooms integer,
    balconies integer,
    floor_number integer,
    total_floors integer,
    has_parking boolean DEFAULT false,
    has_lift boolean DEFAULT false,
    maintenance_fee numeric(10,2) DEFAULT 0.00,
    created_at timestamp without time zone DEFAULT CURRENT_TIMESTAMP,
    updated_at timestamp without time zone DEFAULT CURRENT_TIMESTAMP,
    facing public.facing_direction DEFAULT 'east'::public.facing_direction,
    furnishing public.furnishing_type DEFAULT 'unfurnished'::public.furnishing_type
);


ALTER TABLE public.apartment_details OWNER TO postgres;

--
-- Name: apartment_details_id_seq; Type: SEQUENCE; Schema: public; Owner: postgres
--

CREATE SEQUENCE public.apartment_details_id_seq
    AS integer
    START WITH 1
    INCREMENT BY 1
    NO MINVALUE
    NO MAXVALUE
    CACHE 1;


ALTER SEQUENCE public.apartment_details_id_seq OWNER TO postgres;

--
-- Name: apartment_details_id_seq; Type: SEQUENCE OWNED BY; Schema: public; Owner: postgres
--

ALTER SEQUENCE public.apartment_details_id_seq OWNED BY public.apartment_details.id;


--
-- Name: auth_group; Type: TABLE; Schema: public; Owner: postgres
--

CREATE TABLE public.auth_group (
    id integer NOT NULL,
    name character varying(150) NOT NULL
);


ALTER TABLE public.auth_group OWNER TO postgres;

--
-- Name: auth_group_id_seq; Type: SEQUENCE; Schema: public; Owner: postgres
--

ALTER TABLE public.auth_group ALTER COLUMN id ADD GENERATED BY DEFAULT AS IDENTITY (
    SEQUENCE NAME public.auth_group_id_seq
    START WITH 1
    INCREMENT BY 1
    NO MINVALUE
    NO MAXVALUE
    CACHE 1
);


--
-- Name: auth_group_permissions; Type: TABLE; Schema: public; Owner: postgres
--

CREATE TABLE public.auth_group_permissions (
    id bigint NOT NULL,
    group_id integer NOT NULL,
    permission_id integer NOT NULL
);


ALTER TABLE public.auth_group_permissions OWNER TO postgres;

--
-- Name: auth_group_permissions_id_seq; Type: SEQUENCE; Schema: public; Owner: postgres
--

ALTER TABLE public.auth_group_permissions ALTER COLUMN id ADD GENERATED BY DEFAULT AS IDENTITY (
    SEQUENCE NAME public.auth_group_permissions_id_seq
    START WITH 1
    INCREMENT BY 1
    NO MINVALUE
    NO MAXVALUE
    CACHE 1
);


--
-- Name: auth_permission; Type: TABLE; Schema: public; Owner: postgres
--

CREATE TABLE public.auth_permission (
    id integer NOT NULL,
    name character varying(255) NOT NULL,
    content_type_id integer NOT NULL,
    codename character varying(100) NOT NULL
);


ALTER TABLE public.auth_permission OWNER TO postgres;

--
-- Name: auth_permission_id_seq; Type: SEQUENCE; Schema: public; Owner: postgres
--

ALTER TABLE public.auth_permission ALTER COLUMN id ADD GENERATED BY DEFAULT AS IDENTITY (
    SEQUENCE NAME public.auth_permission_id_seq
    START WITH 1
    INCREMENT BY 1
    NO MINVALUE
    NO MAXVALUE
    CACHE 1
);


--
-- Name: auth_user; Type: TABLE; Schema: public; Owner: postgres
--

CREATE TABLE public.auth_user (
    id integer NOT NULL,
    password character varying(128) NOT NULL,
    last_login timestamp with time zone,
    is_superuser boolean NOT NULL,
    username character varying(150) NOT NULL,
    first_name character varying(150) NOT NULL,
    last_name character varying(150) NOT NULL,
    email character varying(254) NOT NULL,
    is_staff boolean NOT NULL,
    is_active boolean NOT NULL,
    date_joined timestamp with time zone NOT NULL
);


ALTER TABLE public.auth_user OWNER TO postgres;

--
-- Name: auth_user_groups; Type: TABLE; Schema: public; Owner: postgres
--

CREATE TABLE public.auth_user_groups (
    id bigint NOT NULL,
    user_id integer NOT NULL,
    group_id integer NOT NULL
);


ALTER TABLE public.auth_user_groups OWNER TO postgres;

--
-- Name: auth_user_groups_id_seq; Type: SEQUENCE; Schema: public; Owner: postgres
--

ALTER TABLE public.auth_user_groups ALTER COLUMN id ADD GENERATED BY DEFAULT AS IDENTITY (
    SEQUENCE NAME public.auth_user_groups_id_seq
    START WITH 1
    INCREMENT BY 1
    NO MINVALUE
    NO MAXVALUE
    CACHE 1
);


--
-- Name: auth_user_id_seq; Type: SEQUENCE; Schema: public; Owner: postgres
--

ALTER TABLE public.auth_user ALTER COLUMN id ADD GENERATED BY DEFAULT AS IDENTITY (
    SEQUENCE NAME public.auth_user_id_seq
    START WITH 1
    INCREMENT BY 1
    NO MINVALUE
    NO MAXVALUE
    CACHE 1
);


--
-- Name: auth_user_user_permissions; Type: TABLE; Schema: public; Owner: postgres
--

CREATE TABLE public.auth_user_user_permissions (
    id bigint NOT NULL,
    user_id integer NOT NULL,
    permission_id integer NOT NULL
);


ALTER TABLE public.auth_user_user_permissions OWNER TO postgres;

--
-- Name: auth_user_user_permissions_id_seq; Type: SEQUENCE; Schema: public; Owner: postgres
--

ALTER TABLE public.auth_user_user_permissions ALTER COLUMN id ADD GENERATED BY DEFAULT AS IDENTITY (
    SEQUENCE NAME public.auth_user_user_permissions_id_seq
    START WITH 1
    INCREMENT BY 1
    NO MINVALUE
    NO MAXVALUE
    CACHE 1
);


--
-- Name: categories; Type: TABLE; Schema: public; Owner: postgres
--

CREATE TABLE public.categories (
    id integer NOT NULL,
    tenant_id integer,
    category_name character varying(50) NOT NULL,
    CONSTRAINT categories_category_name_check CHECK (((category_name)::text = ANY ((ARRAY['Sale'::character varying, 'Rent'::character varying, 'Lease'::character varying])::text[])))
);


ALTER TABLE public.categories OWNER TO postgres;

--
-- Name: categories_id_seq; Type: SEQUENCE; Schema: public; Owner: postgres
--

CREATE SEQUENCE public.categories_id_seq
    AS integer
    START WITH 1
    INCREMENT BY 1
    NO MINVALUE
    NO MAXVALUE
    CACHE 1;


ALTER SEQUENCE public.categories_id_seq OWNER TO postgres;

--
-- Name: categories_id_seq; Type: SEQUENCE OWNED BY; Schema: public; Owner: postgres
--

ALTER SEQUENCE public.categories_id_seq OWNED BY public.categories.id;


--
-- Name: commercial_plot_details; Type: TABLE; Schema: public; Owner: postgres
--

CREATE TABLE public.commercial_plot_details (
    id integer NOT NULL,
    property_id integer NOT NULL,
    plot_area_sqft numeric(10,2) NOT NULL,
    length numeric(10,2),
    breadth numeric(10,2),
    road_width numeric(10,2),
    facing public.facing_direction DEFAULT 'east'::public.facing_direction,
    corner_plot boolean DEFAULT false,
    gated_community boolean DEFAULT false,
    boundary_wall boolean DEFAULT false,
    water_connection boolean DEFAULT false,
    electricity_connection boolean DEFAULT false,
    commercial_approved boolean DEFAULT false,
    near_main_road boolean DEFAULT false,
    created_at timestamp without time zone DEFAULT CURRENT_TIMESTAMP,
    updated_at timestamp without time zone DEFAULT CURRENT_TIMESTAMP
);


ALTER TABLE public.commercial_plot_details OWNER TO postgres;

--
-- Name: commercial_plot_details_id_seq; Type: SEQUENCE; Schema: public; Owner: postgres
--

CREATE SEQUENCE public.commercial_plot_details_id_seq
    AS integer
    START WITH 1
    INCREMENT BY 1
    NO MINVALUE
    NO MAXVALUE
    CACHE 1;


ALTER SEQUENCE public.commercial_plot_details_id_seq OWNER TO postgres;

--
-- Name: commercial_plot_details_id_seq; Type: SEQUENCE OWNED BY; Schema: public; Owner: postgres
--

ALTER SEQUENCE public.commercial_plot_details_id_seq OWNED BY public.commercial_plot_details.id;


--
-- Name: django_admin_log; Type: TABLE; Schema: public; Owner: postgres
--

CREATE TABLE public.django_admin_log (
    id integer NOT NULL,
    action_time timestamp with time zone NOT NULL,
    object_id text,
    object_repr character varying(200) NOT NULL,
    action_flag smallint NOT NULL,
    change_message text NOT NULL,
    content_type_id integer,
    user_id integer NOT NULL,
    CONSTRAINT django_admin_log_action_flag_check CHECK ((action_flag >= 0))
);


ALTER TABLE public.django_admin_log OWNER TO postgres;

--
-- Name: django_admin_log_id_seq; Type: SEQUENCE; Schema: public; Owner: postgres
--

ALTER TABLE public.django_admin_log ALTER COLUMN id ADD GENERATED BY DEFAULT AS IDENTITY (
    SEQUENCE NAME public.django_admin_log_id_seq
    START WITH 1
    INCREMENT BY 1
    NO MINVALUE
    NO MAXVALUE
    CACHE 1
);


--
-- Name: django_content_type; Type: TABLE; Schema: public; Owner: postgres
--

CREATE TABLE public.django_content_type (
    id integer NOT NULL,
    app_label character varying(100) NOT NULL,
    model character varying(100) NOT NULL
);


ALTER TABLE public.django_content_type OWNER TO postgres;

--
-- Name: django_content_type_id_seq; Type: SEQUENCE; Schema: public; Owner: postgres
--

ALTER TABLE public.django_content_type ALTER COLUMN id ADD GENERATED BY DEFAULT AS IDENTITY (
    SEQUENCE NAME public.django_content_type_id_seq
    START WITH 1
    INCREMENT BY 1
    NO MINVALUE
    NO MAXVALUE
    CACHE 1
);


--
-- Name: django_migrations; Type: TABLE; Schema: public; Owner: postgres
--

CREATE TABLE public.django_migrations (
    id bigint NOT NULL,
    app character varying(255) NOT NULL,
    name character varying(255) NOT NULL,
    applied timestamp with time zone NOT NULL
);


ALTER TABLE public.django_migrations OWNER TO postgres;

--
-- Name: django_migrations_id_seq; Type: SEQUENCE; Schema: public; Owner: postgres
--

ALTER TABLE public.django_migrations ALTER COLUMN id ADD GENERATED BY DEFAULT AS IDENTITY (
    SEQUENCE NAME public.django_migrations_id_seq
    START WITH 1
    INCREMENT BY 1
    NO MINVALUE
    NO MAXVALUE
    CACHE 1
);


--
-- Name: django_session; Type: TABLE; Schema: public; Owner: postgres
--

CREATE TABLE public.django_session (
    session_key character varying(40) NOT NULL,
    session_data text NOT NULL,
    expire_date timestamp with time zone NOT NULL
);


ALTER TABLE public.django_session OWNER TO postgres;

--
-- Name: empty_land_details; Type: TABLE; Schema: public; Owner: postgres
--

CREATE TABLE public.empty_land_details (
    id integer NOT NULL,
    property_id integer NOT NULL,
    plot_area_sqft numeric(10,2) NOT NULL,
    length numeric(10,2),
    breadth numeric(10,2),
    road_width numeric(10,2),
    facing public.facing_direction DEFAULT 'east'::public.facing_direction,
    corner_plot boolean DEFAULT false,
    gated_community boolean DEFAULT false,
    boundary_wall boolean DEFAULT false,
    water_connection boolean DEFAULT false,
    electricity_connection boolean DEFAULT false,
    created_at timestamp without time zone DEFAULT CURRENT_TIMESTAMP,
    updated_at timestamp without time zone DEFAULT CURRENT_TIMESTAMP
);


ALTER TABLE public.empty_land_details OWNER TO postgres;

--
-- Name: empty_land_details_id_seq; Type: SEQUENCE; Schema: public; Owner: postgres
--

CREATE SEQUENCE public.empty_land_details_id_seq
    AS integer
    START WITH 1
    INCREMENT BY 1
    NO MINVALUE
    NO MAXVALUE
    CACHE 1;


ALTER SEQUENCE public.empty_land_details_id_seq OWNER TO postgres;

--
-- Name: empty_land_details_id_seq; Type: SEQUENCE OWNED BY; Schema: public; Owner: postgres
--

ALTER SEQUENCE public.empty_land_details_id_seq OWNED BY public.empty_land_details.id;


--
-- Name: individual_house_details; Type: TABLE; Schema: public; Owner: postgres
--

CREATE TABLE public.individual_house_details (
    id integer NOT NULL,
    property_id integer NOT NULL,
    property_type_id integer NOT NULL,
    bhk integer,
    bedrooms integer,
    bathrooms integer,
    balconies integer,
    plot_area_sqft numeric(10,2),
    builtup_area_sqft numeric(10,2),
    floor_count integer,
    has_parking boolean DEFAULT false,
    has_garden boolean DEFAULT false,
    has_terrace boolean DEFAULT false,
    road_width_feet numeric(5,2),
    facing public.facing_direction DEFAULT 'east'::public.facing_direction,
    maintenance_fee numeric(10,2) DEFAULT 0.00,
    created_at timestamp without time zone DEFAULT CURRENT_TIMESTAMP,
    updated_at timestamp without time zone DEFAULT CURRENT_TIMESTAMP
);


ALTER TABLE public.individual_house_details OWNER TO postgres;

--
-- Name: individual_house_details_id_seq; Type: SEQUENCE; Schema: public; Owner: postgres
--

CREATE SEQUENCE public.individual_house_details_id_seq
    AS integer
    START WITH 1
    INCREMENT BY 1
    NO MINVALUE
    NO MAXVALUE
    CACHE 1;


ALTER SEQUENCE public.individual_house_details_id_seq OWNER TO postgres;

--
-- Name: individual_house_details_id_seq; Type: SEQUENCE OWNED BY; Schema: public; Owner: postgres
--

ALTER SEQUENCE public.individual_house_details_id_seq OWNED BY public.individual_house_details.id;


--
-- Name: locations; Type: TABLE; Schema: public; Owner: postgres
--

CREATE TABLE public.locations (
    id integer NOT NULL,
    street text,
    city character varying(100),
    state character varying(100),
    country character varying(100),
    pincode character varying(20),
    latitude numeric(10,6),
    longitude numeric(10,6),
    locality character varying(255),
    landmark character varying(255),
    apartment_society character varying(255)
);


ALTER TABLE public.locations OWNER TO postgres;

--
-- Name: locations_id_seq; Type: SEQUENCE; Schema: public; Owner: postgres
--

CREATE SEQUENCE public.locations_id_seq
    AS integer
    START WITH 1
    INCREMENT BY 1
    NO MINVALUE
    NO MAXVALUE
    CACHE 1;


ALTER SEQUENCE public.locations_id_seq OWNER TO postgres;

--
-- Name: locations_id_seq; Type: SEQUENCE OWNED BY; Schema: public; Owner: postgres
--

ALTER SEQUENCE public.locations_id_seq OWNED BY public.locations.id;


--
-- Name: one_rk_details; Type: TABLE; Schema: public; Owner: postgres
--

CREATE TABLE public.one_rk_details (
    id integer NOT NULL,
    property_id integer NOT NULL,
    built_up_area_sqft numeric(10,2) NOT NULL,
    carpet_area_sqft numeric(10,2),
    floor_number integer,
    total_floors integer,
    furnishing public.furnishing_type DEFAULT 'unfurnished'::public.furnishing_type,
    bath_count integer DEFAULT 1,
    balcony_count integer DEFAULT 0,
    parking_available boolean DEFAULT false,
    lift_available boolean DEFAULT false,
    water_supply text,
    power_backup boolean DEFAULT false,
    facing public.facing_direction DEFAULT 'east'::public.facing_direction,
    suitable_for text,
    created_at timestamp without time zone DEFAULT CURRENT_TIMESTAMP,
    updated_at timestamp without time zone DEFAULT CURRENT_TIMESTAMP
);


ALTER TABLE public.one_rk_details OWNER TO postgres;

--
-- Name: one_rk_details_id_seq; Type: SEQUENCE; Schema: public; Owner: postgres
--

CREATE SEQUENCE public.one_rk_details_id_seq
    AS integer
    START WITH 1
    INCREMENT BY 1
    NO MINVALUE
    NO MAXVALUE
    CACHE 1;


ALTER SEQUENCE public.one_rk_details_id_seq OWNER TO postgres;

--
-- Name: one_rk_details_id_seq; Type: SEQUENCE OWNED BY; Schema: public; Owner: postgres
--

ALTER SEQUENCE public.one_rk_details_id_seq OWNED BY public.one_rk_details.id;


--
-- Name: payments_payment; Type: TABLE; Schema: public; Owner: postgres
--

CREATE TABLE public.payments_payment (
    id bigint NOT NULL,
    order_id character varying(255) NOT NULL,
    payment_id character varying(255),
    signature character varying(255),
    amount integer NOT NULL,
    currency character varying(10) NOT NULL,
    status character varying(50) NOT NULL,
    created_at timestamp with time zone NOT NULL,
    user_id integer NOT NULL
);


ALTER TABLE public.payments_payment OWNER TO postgres;

--
-- Name: payments_payment_id_seq; Type: SEQUENCE; Schema: public; Owner: postgres
--

ALTER TABLE public.payments_payment ALTER COLUMN id ADD GENERATED BY DEFAULT AS IDENTITY (
    SEQUENCE NAME public.payments_payment_id_seq
    START WITH 1
    INCREMENT BY 1
    NO MINVALUE
    NO MAXVALUE
    CACHE 1
);


--
-- Name: pg_coliving_details; Type: TABLE; Schema: public; Owner: postgres
--

CREATE TABLE public.pg_coliving_details (
    id integer NOT NULL,
    property_id integer NOT NULL,
    sharing_type character varying(50),
    total_beds integer,
    available_beds integer,
    has_meals boolean DEFAULT false,
    has_wifi boolean DEFAULT false,
    has_housekeeping boolean DEFAULT false,
    has_laundry boolean DEFAULT false,
    has_parking boolean DEFAULT false,
    rent_per_bed numeric(10,2) DEFAULT 0.00,
    deposit numeric(10,2) DEFAULT 0.00,
    maintenance_fee numeric(10,2) DEFAULT 0.00,
    furnishing public.furnishing_type DEFAULT 'unfurnished'::public.furnishing_type,
    gender_preference character varying(10) DEFAULT 'any'::character varying,
    created_at timestamp without time zone DEFAULT CURRENT_TIMESTAMP,
    updated_at timestamp without time zone DEFAULT CURRENT_TIMESTAMP,
    CONSTRAINT pg_coliving_details_available_beds_check CHECK ((available_beds >= 0)),
    CONSTRAINT pg_coliving_details_gender_preference_check CHECK (((gender_preference)::text = ANY ((ARRAY['male'::character varying, 'female'::character varying, 'any'::character varying])::text[]))),
    CONSTRAINT pg_coliving_details_sharing_type_check CHECK (((sharing_type)::text = ANY ((ARRAY['single'::character varying, 'double'::character varying, 'triple'::character varying, 'quadruple'::character varying, 'dormitory'::character varying])::text[]))),
    CONSTRAINT pg_coliving_details_total_beds_check CHECK ((total_beds >= 0))
);


ALTER TABLE public.pg_coliving_details OWNER TO postgres;

--
-- Name: pg_coliving_details_id_seq; Type: SEQUENCE; Schema: public; Owner: postgres
--

CREATE SEQUENCE public.pg_coliving_details_id_seq
    AS integer
    START WITH 1
    INCREMENT BY 1
    NO MINVALUE
    NO MAXVALUE
    CACHE 1;


ALTER SEQUENCE public.pg_coliving_details_id_seq OWNER TO postgres;

--
-- Name: pg_coliving_details_id_seq; Type: SEQUENCE OWNED BY; Schema: public; Owner: postgres
--

ALTER SEQUENCE public.pg_coliving_details_id_seq OWNED BY public.pg_coliving_details.id;


--
-- Name: plot_details; Type: TABLE; Schema: public; Owner: postgres
--

CREATE TABLE public.plot_details (
    id integer NOT NULL,
    property_id integer NOT NULL,
    plot_area_sqft numeric(10,2) NOT NULL,
    plot_length_ft numeric(10,2),
    plot_breadth_ft numeric(10,2),
    facing public.facing_direction DEFAULT 'east'::public.facing_direction,
    approval_status character varying(100),
    approval_authority character varying(200),
    permissible_floors integer,
    corner_plot boolean DEFAULT false,
    boundary_wall boolean DEFAULT false,
    open_sides_count integer DEFAULT 0,
    construction_done boolean DEFAULT false,
    road_size_sqft numeric(10,2),
    created_at timestamp without time zone DEFAULT CURRENT_TIMESTAMP,
    updated_at timestamp without time zone DEFAULT CURRENT_TIMESTAMP,
    CONSTRAINT plot_details_open_sides_count_check CHECK (((open_sides_count >= 0) AND (open_sides_count <= 4)))
);


ALTER TABLE public.plot_details OWNER TO postgres;

--
-- Name: plot_details_id_seq; Type: SEQUENCE; Schema: public; Owner: postgres
--

CREATE SEQUENCE public.plot_details_id_seq
    AS integer
    START WITH 1
    INCREMENT BY 1
    NO MINVALUE
    NO MAXVALUE
    CACHE 1;


ALTER SEQUENCE public.plot_details_id_seq OWNER TO postgres;

--
-- Name: plot_details_id_seq; Type: SEQUENCE OWNED BY; Schema: public; Owner: postgres
--

ALTER SEQUENCE public.plot_details_id_seq OWNED BY public.plot_details.id;


--
-- Name: properties; Type: TABLE; Schema: public; Owner: postgres
--

CREATE TABLE public.properties (
    id integer NOT NULL,
    tenant_id integer,
    user_id integer,
    title character varying(255) NOT NULL,
    description text,
    price numeric(12,2),
    area_value numeric(10,2),
    location_id integer,
    property_type character varying(50) NOT NULL,
    status character varying(20) DEFAULT 'active'::character varying,
    created_at timestamp without time zone DEFAULT now(),
    updated_at timestamp without time zone DEFAULT now(),
    category_id integer,
    sale_type character varying(20),
    verification_status character varying(20) DEFAULT 'pending'::character varying,
    area_unit character varying(20) DEFAULT 'sq_ft'::character varying,
    price_type character varying(20) DEFAULT 'fixed'::character varying,
    registration_fee character varying(20) DEFAULT 'excluded'::character varying,
    CONSTRAINT properties_price_type_check CHECK (((price_type)::text = ANY ((ARRAY['fixed'::character varying, 'negotiable'::character varying])::text[]))),
    CONSTRAINT properties_registration_fee_check CHECK (((registration_fee)::text = ANY ((ARRAY['included'::character varying, 'excluded'::character varying])::text[]))),
    CONSTRAINT properties_sale_type_check CHECK (((sale_type)::text = ANY ((ARRAY['New Property'::character varying, 'Resale Property'::character varying])::text[]))),
    CONSTRAINT properties_status_check CHECK (((status)::text = ANY ((ARRAY['active'::character varying, 'inactive'::character varying, 'sold'::character varying, 'rented'::character varying])::text[]))),
    CONSTRAINT properties_verification_status_check CHECK (((verification_status)::text = ANY ((ARRAY['pending'::character varying, 'approved'::character varying, 'rejected'::character varying])::text[])))
);


ALTER TABLE public.properties OWNER TO postgres;

--
-- Name: properties_id_seq; Type: SEQUENCE; Schema: public; Owner: postgres
--

CREATE SEQUENCE public.properties_id_seq
    AS integer
    START WITH 1
    INCREMENT BY 1
    NO MINVALUE
    NO MAXVALUE
    CACHE 1;


ALTER SEQUENCE public.properties_id_seq OWNER TO postgres;

--
-- Name: properties_id_seq; Type: SEQUENCE OWNED BY; Schema: public; Owner: postgres
--

ALTER SEQUENCE public.properties_id_seq OWNED BY public.properties.id;


--
-- Name: property_media; Type: TABLE; Schema: public; Owner: postgres
--

CREATE TABLE public.property_media (
    id bigint NOT NULL,
    property_id bigint NOT NULL,
    image_url character varying(500),
    video_url character varying(500),
    thumbnail_url character varying(500),
    created_at timestamp without time zone DEFAULT CURRENT_TIMESTAMP,
    updated_at timestamp without time zone DEFAULT CURRENT_TIMESTAMP,
    is_cover boolean DEFAULT false
);


ALTER TABLE public.property_media OWNER TO postgres;

--
-- Name: property_media_id_seq; Type: SEQUENCE; Schema: public; Owner: postgres
--

CREATE SEQUENCE public.property_media_id_seq
    START WITH 1
    INCREMENT BY 1
    NO MINVALUE
    NO MAXVALUE
    CACHE 1;


ALTER SEQUENCE public.property_media_id_seq OWNER TO postgres;

--
-- Name: property_media_id_seq; Type: SEQUENCE OWNED BY; Schema: public; Owner: postgres
--

ALTER SEQUENCE public.property_media_id_seq OWNED BY public.property_media.id;


--
-- Name: property_types; Type: TABLE; Schema: public; Owner: postgres
--

CREATE TABLE public.property_types (
    id integer NOT NULL,
    tenant_id integer,
    type_name character varying(100) NOT NULL,
    image character varying(255),
    color_code character varying(20)
);


ALTER TABLE public.property_types OWNER TO postgres;

--
-- Name: property_types_id_seq; Type: SEQUENCE; Schema: public; Owner: postgres
--

CREATE SEQUENCE public.property_types_id_seq
    AS integer
    START WITH 1
    INCREMENT BY 1
    NO MINVALUE
    NO MAXVALUE
    CACHE 1;


ALTER SEQUENCE public.property_types_id_seq OWNER TO postgres;

--
-- Name: property_types_id_seq; Type: SEQUENCE OWNED BY; Schema: public; Owner: postgres
--

ALTER SEQUENCE public.property_types_id_seq OWNED BY public.property_types.id;


--
-- Name: shop_details; Type: TABLE; Schema: public; Owner: postgres
--

CREATE TABLE public.shop_details (
    id integer NOT NULL,
    property_id integer NOT NULL,
    built_up_area_sqft numeric(10,2) NOT NULL,
    carpet_area_sqft numeric(10,2),
    floor_number integer,
    total_floors integer,
    road_facing boolean DEFAULT false,
    corner_location boolean DEFAULT false,
    washroom_available boolean DEFAULT false,
    pantry_available boolean DEFAULT false,
    power_backup boolean DEFAULT false,
    lift_available boolean DEFAULT false,
    parking_available boolean DEFAULT false,
    suitable_for text,
    facing public.facing_direction DEFAULT 'east'::public.facing_direction,
    created_at timestamp without time zone DEFAULT CURRENT_TIMESTAMP,
    updated_at timestamp without time zone DEFAULT CURRENT_TIMESTAMP
);


ALTER TABLE public.shop_details OWNER TO postgres;

--
-- Name: shop_details_id_seq; Type: SEQUENCE; Schema: public; Owner: postgres
--

CREATE SEQUENCE public.shop_details_id_seq
    AS integer
    START WITH 1
    INCREMENT BY 1
    NO MINVALUE
    NO MAXVALUE
    CACHE 1;


ALTER SEQUENCE public.shop_details_id_seq OWNER TO postgres;

--
-- Name: shop_details_id_seq; Type: SEQUENCE OWNED BY; Schema: public; Owner: postgres
--

ALTER SEQUENCE public.shop_details_id_seq OWNED BY public.shop_details.id;


--
-- Name: subscription_plans; Type: TABLE; Schema: public; Owner: postgres
--

CREATE TABLE public.subscription_plans (
    id integer NOT NULL,
    tenant_id integer NOT NULL,
    name character varying(50) NOT NULL,
    description text,
    price numeric(10,2) NOT NULL,
    validity_days integer NOT NULL,
    max_properties integer NOT NULL,
    max_property_views integer DEFAULT 0,
    created_at timestamp without time zone DEFAULT CURRENT_TIMESTAMP,
    user_type character varying(50) DEFAULT 'Individual User'::character varying NOT NULL
);


ALTER TABLE public.subscription_plans OWNER TO postgres;

--
-- Name: subscription_plans_id_seq; Type: SEQUENCE; Schema: public; Owner: postgres
--

CREATE SEQUENCE public.subscription_plans_id_seq
    AS integer
    START WITH 1
    INCREMENT BY 1
    NO MINVALUE
    NO MAXVALUE
    CACHE 1;


ALTER SEQUENCE public.subscription_plans_id_seq OWNER TO postgres;

--
-- Name: subscription_plans_id_seq; Type: SEQUENCE OWNED BY; Schema: public; Owner: postgres
--

ALTER SEQUENCE public.subscription_plans_id_seq OWNED BY public.subscription_plans.id;


--
-- Name: tenants; Type: TABLE; Schema: public; Owner: postgres
--

CREATE TABLE public.tenants (
    id integer NOT NULL,
    name character varying(255) NOT NULL,
    domain character varying(255),
    created_at timestamp without time zone DEFAULT now(),
    updated_at timestamp without time zone DEFAULT now()
);


ALTER TABLE public.tenants OWNER TO postgres;

--
-- Name: tenants_id_seq; Type: SEQUENCE; Schema: public; Owner: postgres
--

CREATE SEQUENCE public.tenants_id_seq
    AS integer
    START WITH 1
    INCREMENT BY 1
    NO MINVALUE
    NO MAXVALUE
    CACHE 1;


ALTER SEQUENCE public.tenants_id_seq OWNER TO postgres;

--
-- Name: tenants_id_seq; Type: SEQUENCE OWNED BY; Schema: public; Owner: postgres
--

ALTER SEQUENCE public.tenants_id_seq OWNED BY public.tenants.id;


--
-- Name: transactions; Type: TABLE; Schema: public; Owner: postgres
--

CREATE TABLE public.transactions (
    id integer NOT NULL,
    user_id integer NOT NULL,
    subscription_id integer NOT NULL,
    amount numeric(10,2) NOT NULL,
    status character varying(20) DEFAULT 'pending'::character varying,
    payment_method character varying(50),
    transaction_date timestamp without time zone DEFAULT CURRENT_TIMESTAMP,
    payment_reference character varying(100)
);


ALTER TABLE public.transactions OWNER TO postgres;

--
-- Name: transactions_id_seq; Type: SEQUENCE; Schema: public; Owner: postgres
--

CREATE SEQUENCE public.transactions_id_seq
    AS integer
    START WITH 1
    INCREMENT BY 1
    NO MINVALUE
    NO MAXVALUE
    CACHE 1;


ALTER SEQUENCE public.transactions_id_seq OWNER TO postgres;

--
-- Name: transactions_id_seq; Type: SEQUENCE OWNED BY; Schema: public; Owner: postgres
--

ALTER SEQUENCE public.transactions_id_seq OWNED BY public.transactions.id;


--
-- Name: user_activity; Type: TABLE; Schema: public; Owner: postgres
--

CREATE TABLE public.user_activity (
    id integer NOT NULL,
    user_id integer NOT NULL,
    property_id integer NOT NULL,
    action_type character varying(50) DEFAULT 'viewed'::character varying,
    created_at timestamp without time zone DEFAULT CURRENT_TIMESTAMP,
    updated_at timestamp without time zone DEFAULT CURRENT_TIMESTAMP,
    CONSTRAINT user_activity_action_type_check CHECK (((action_type)::text = ANY ((ARRAY['viewed'::character varying, 'wishlisted'::character varying, 'searched'::character varying, 'contacted'::character varying])::text[])))
);


ALTER TABLE public.user_activity OWNER TO postgres;

--
-- Name: user_activity_id_seq; Type: SEQUENCE; Schema: public; Owner: postgres
--

CREATE SEQUENCE public.user_activity_id_seq
    AS integer
    START WITH 1
    INCREMENT BY 1
    NO MINVALUE
    NO MAXVALUE
    CACHE 1;


ALTER SEQUENCE public.user_activity_id_seq OWNER TO postgres;

--
-- Name: user_activity_id_seq; Type: SEQUENCE OWNED BY; Schema: public; Owner: postgres
--

ALTER SEQUENCE public.user_activity_id_seq OWNED BY public.user_activity.id;


--
-- Name: user_search_history; Type: TABLE; Schema: public; Owner: postgres
--

CREATE TABLE public.user_search_history (
    id integer NOT NULL,
    user_id integer NOT NULL,
    locality text NOT NULL,
    city text NOT NULL,
    property_type text NOT NULL,
    created_at timestamp without time zone DEFAULT now() NOT NULL,
    category_type text
);


ALTER TABLE public.user_search_history OWNER TO postgres;

--
-- Name: user_search_history_id_seq; Type: SEQUENCE; Schema: public; Owner: postgres
--

CREATE SEQUENCE public.user_search_history_id_seq
    AS integer
    START WITH 1
    INCREMENT BY 1
    NO MINVALUE
    NO MAXVALUE
    CACHE 1;


ALTER SEQUENCE public.user_search_history_id_seq OWNER TO postgres;

--
-- Name: user_search_history_id_seq; Type: SEQUENCE OWNED BY; Schema: public; Owner: postgres
--

ALTER SEQUENCE public.user_search_history_id_seq OWNED BY public.user_search_history.id;


--
-- Name: user_subscriptions; Type: TABLE; Schema: public; Owner: postgres
--

CREATE TABLE public.user_subscriptions (
    id integer NOT NULL,
    user_id integer NOT NULL,
    plan_id integer NOT NULL,
    start_date timestamp without time zone DEFAULT CURRENT_TIMESTAMP,
    end_date timestamp without time zone,
    properties_posted integer DEFAULT 0,
    property_views integer DEFAULT 0,
    is_active boolean DEFAULT true,
    used_properties integer DEFAULT 0,
    used_property_views integer DEFAULT 0
);


ALTER TABLE public.user_subscriptions OWNER TO postgres;

--
-- Name: user_subscriptions_id_seq; Type: SEQUENCE; Schema: public; Owner: postgres
--

CREATE SEQUENCE public.user_subscriptions_id_seq
    AS integer
    START WITH 1
    INCREMENT BY 1
    NO MINVALUE
    NO MAXVALUE
    CACHE 1;


ALTER SEQUENCE public.user_subscriptions_id_seq OWNER TO postgres;

--
-- Name: user_subscriptions_id_seq; Type: SEQUENCE OWNED BY; Schema: public; Owner: postgres
--

ALTER SEQUENCE public.user_subscriptions_id_seq OWNED BY public.user_subscriptions.id;


--
-- Name: users; Type: TABLE; Schema: public; Owner: postgres
--

CREATE TABLE public.users (
    id integer NOT NULL,
    tenant_id integer,
    user_type character varying(50) NOT NULL,
    email character varying(255) NOT NULL,
    phone character varying(20),
    password text NOT NULL,
    created_at timestamp without time zone DEFAULT now(),
    updated_at timestamp without time zone DEFAULT now(),
    last_login timestamp without time zone,
    first_name character varying(100),
    last_name character varying(100),
    profile_picture character varying(255),
    CONSTRAINT users_user_type_check CHECK (((user_type)::text = ANY ((ARRAY['Individual User'::character varying, 'Super Admin'::character varying, 'Admin'::character varying, 'Agent'::character varying, 'Builder'::character varying, 'Promoter'::character varying])::text[])))
);


ALTER TABLE public.users OWNER TO postgres;

--
-- Name: users_id_seq; Type: SEQUENCE; Schema: public; Owner: postgres
--

CREATE SEQUENCE public.users_id_seq
    AS integer
    START WITH 1
    INCREMENT BY 1
    NO MINVALUE
    NO MAXVALUE
    CACHE 1;


ALTER SEQUENCE public.users_id_seq OWNER TO postgres;

--
-- Name: users_id_seq; Type: SEQUENCE OWNED BY; Schema: public; Owner: postgres
--

ALTER SEQUENCE public.users_id_seq OWNED BY public.users.id;


--
-- Name: wishlist; Type: TABLE; Schema: public; Owner: postgres
--

CREATE TABLE public.wishlist (
    wishlist_id integer NOT NULL,
    user_id integer NOT NULL,
    property_id integer NOT NULL,
    created_at timestamp without time zone DEFAULT now(),
    updated_at timestamp without time zone DEFAULT now()
);


ALTER TABLE public.wishlist OWNER TO postgres;

--
-- Name: wishlist_wishlist_id_seq; Type: SEQUENCE; Schema: public; Owner: postgres
--

CREATE SEQUENCE public.wishlist_wishlist_id_seq
    AS integer
    START WITH 1
    INCREMENT BY 1
    NO MINVALUE
    NO MAXVALUE
    CACHE 1;


ALTER SEQUENCE public.wishlist_wishlist_id_seq OWNER TO postgres;

--
-- Name: wishlist_wishlist_id_seq; Type: SEQUENCE OWNED BY; Schema: public; Owner: postgres
--

ALTER SEQUENCE public.wishlist_wishlist_id_seq OWNED BY public.wishlist.wishlist_id;


--
-- Name: agricultural_land_details id; Type: DEFAULT; Schema: public; Owner: postgres
--

ALTER TABLE ONLY public.agricultural_land_details ALTER COLUMN id SET DEFAULT nextval('public.agricultural_land_details_id_seq'::regclass);


--
-- Name: apartment_details id; Type: DEFAULT; Schema: public; Owner: postgres
--

ALTER TABLE ONLY public.apartment_details ALTER COLUMN id SET DEFAULT nextval('public.apartment_details_id_seq'::regclass);


--
-- Name: categories id; Type: DEFAULT; Schema: public; Owner: postgres
--

ALTER TABLE ONLY public.categories ALTER COLUMN id SET DEFAULT nextval('public.categories_id_seq'::regclass);


--
-- Name: commercial_plot_details id; Type: DEFAULT; Schema: public; Owner: postgres
--

ALTER TABLE ONLY public.commercial_plot_details ALTER COLUMN id SET DEFAULT nextval('public.commercial_plot_details_id_seq'::regclass);


--
-- Name: empty_land_details id; Type: DEFAULT; Schema: public; Owner: postgres
--

ALTER TABLE ONLY public.empty_land_details ALTER COLUMN id SET DEFAULT nextval('public.empty_land_details_id_seq'::regclass);


--
-- Name: individual_house_details id; Type: DEFAULT; Schema: public; Owner: postgres
--

ALTER TABLE ONLY public.individual_house_details ALTER COLUMN id SET DEFAULT nextval('public.individual_house_details_id_seq'::regclass);


--
-- Name: locations id; Type: DEFAULT; Schema: public; Owner: postgres
--

ALTER TABLE ONLY public.locations ALTER COLUMN id SET DEFAULT nextval('public.locations_id_seq'::regclass);


--
-- Name: one_rk_details id; Type: DEFAULT; Schema: public; Owner: postgres
--

ALTER TABLE ONLY public.one_rk_details ALTER COLUMN id SET DEFAULT nextval('public.one_rk_details_id_seq'::regclass);


--
-- Name: pg_coliving_details id; Type: DEFAULT; Schema: public; Owner: postgres
--

ALTER TABLE ONLY public.pg_coliving_details ALTER COLUMN id SET DEFAULT nextval('public.pg_coliving_details_id_seq'::regclass);


--
-- Name: plot_details id; Type: DEFAULT; Schema: public; Owner: postgres
--

ALTER TABLE ONLY public.plot_details ALTER COLUMN id SET DEFAULT nextval('public.plot_details_id_seq'::regclass);


--
-- Name: properties id; Type: DEFAULT; Schema: public; Owner: postgres
--

ALTER TABLE ONLY public.properties ALTER COLUMN id SET DEFAULT nextval('public.properties_id_seq'::regclass);


--
-- Name: property_media id; Type: DEFAULT; Schema: public; Owner: postgres
--

ALTER TABLE ONLY public.property_media ALTER COLUMN id SET DEFAULT nextval('public.property_media_id_seq'::regclass);


--
-- Name: property_types id; Type: DEFAULT; Schema: public; Owner: postgres
--

ALTER TABLE ONLY public.property_types ALTER COLUMN id SET DEFAULT nextval('public.property_types_id_seq'::regclass);


--
-- Name: shop_details id; Type: DEFAULT; Schema: public; Owner: postgres
--

ALTER TABLE ONLY public.shop_details ALTER COLUMN id SET DEFAULT nextval('public.shop_details_id_seq'::regclass);


--
-- Name: subscription_plans id; Type: DEFAULT; Schema: public; Owner: postgres
--

ALTER TABLE ONLY public.subscription_plans ALTER COLUMN id SET DEFAULT nextval('public.subscription_plans_id_seq'::regclass);


--
-- Name: tenants id; Type: DEFAULT; Schema: public; Owner: postgres
--

ALTER TABLE ONLY public.tenants ALTER COLUMN id SET DEFAULT nextval('public.tenants_id_seq'::regclass);


--
-- Name: transactions id; Type: DEFAULT; Schema: public; Owner: postgres
--

ALTER TABLE ONLY public.transactions ALTER COLUMN id SET DEFAULT nextval('public.transactions_id_seq'::regclass);


--
-- Name: user_activity id; Type: DEFAULT; Schema: public; Owner: postgres
--

ALTER TABLE ONLY public.user_activity ALTER COLUMN id SET DEFAULT nextval('public.user_activity_id_seq'::regclass);


--
-- Name: user_search_history id; Type: DEFAULT; Schema: public; Owner: postgres
--

ALTER TABLE ONLY public.user_search_history ALTER COLUMN id SET DEFAULT nextval('public.user_search_history_id_seq'::regclass);


--
-- Name: user_subscriptions id; Type: DEFAULT; Schema: public; Owner: postgres
--

ALTER TABLE ONLY public.user_subscriptions ALTER COLUMN id SET DEFAULT nextval('public.user_subscriptions_id_seq'::regclass);


--
-- Name: users id; Type: DEFAULT; Schema: public; Owner: postgres
--

ALTER TABLE ONLY public.users ALTER COLUMN id SET DEFAULT nextval('public.users_id_seq'::regclass);


--
-- Name: wishlist wishlist_id; Type: DEFAULT; Schema: public; Owner: postgres
--

ALTER TABLE ONLY public.wishlist ALTER COLUMN wishlist_id SET DEFAULT nextval('public.wishlist_wishlist_id_seq'::regclass);


--
-- Data for Name: agricultural_land_details; Type: TABLE DATA; Schema: public; Owner: postgres
--

COPY public.agricultural_land_details (id, property_id, total_area_acres, soil_type, water_source, fencing, electricity_connection, road_access, facing, suitable_for, survey_number, patta_available, created_at, updated_at) FROM stdin;
\.


--
-- Data for Name: apartment_details; Type: TABLE DATA; Schema: public; Owner: postgres
--

COPY public.apartment_details (id, property_id, property_type_id, bhk, bedrooms, bathrooms, balconies, floor_number, total_floors, has_parking, has_lift, maintenance_fee, created_at, updated_at, facing, furnishing) FROM stdin;
\.


--
-- Data for Name: auth_group; Type: TABLE DATA; Schema: public; Owner: postgres
--

COPY public.auth_group (id, name) FROM stdin;
\.


--
-- Data for Name: auth_group_permissions; Type: TABLE DATA; Schema: public; Owner: postgres
--

COPY public.auth_group_permissions (id, group_id, permission_id) FROM stdin;
\.


--
-- Data for Name: auth_permission; Type: TABLE DATA; Schema: public; Owner: postgres
--

COPY public.auth_permission (id, name, content_type_id, codename) FROM stdin;
1	Can add log entry	1	add_logentry
2	Can change log entry	1	change_logentry
3	Can delete log entry	1	delete_logentry
4	Can view log entry	1	view_logentry
5	Can add permission	2	add_permission
6	Can change permission	2	change_permission
7	Can delete permission	2	delete_permission
8	Can view permission	2	view_permission
9	Can add group	3	add_group
10	Can change group	3	change_group
11	Can delete group	3	delete_group
12	Can view group	3	view_group
13	Can add user	4	add_user
14	Can change user	4	change_user
15	Can delete user	4	delete_user
16	Can view user	4	view_user
17	Can add content type	5	add_contenttype
18	Can change content type	5	change_contenttype
19	Can delete content type	5	delete_contenttype
20	Can view content type	5	view_contenttype
21	Can add session	6	add_session
22	Can change session	6	change_session
23	Can delete session	6	delete_session
24	Can view session	6	view_session
25	Can add user	7	add_user
26	Can change user	7	change_user
27	Can delete user	7	delete_user
28	Can view user	7	view_user
29	Can add location	8	add_location
30	Can change location	8	change_location
31	Can delete location	8	delete_location
32	Can view location	8	view_location
33	Can add category	9	add_category
34	Can change category	9	change_category
35	Can delete category	9	delete_category
36	Can view category	9	view_category
37	Can add property type	10	add_propertytype
38	Can change property type	10	change_propertytype
39	Can delete property type	10	delete_propertytype
40	Can view property type	10	view_propertytype
41	Can add property	11	add_property
42	Can change property	11	change_property
43	Can delete property	11	delete_property
44	Can view property	11	view_property
45	Can add apartment details	12	add_apartmentdetails
46	Can change apartment details	12	change_apartmentdetails
47	Can delete apartment details	12	delete_apartmentdetails
48	Can view apartment details	12	view_apartmentdetails
49	Can add individual house details	13	add_individualhousedetails
50	Can change individual house details	13	change_individualhousedetails
51	Can delete individual house details	13	delete_individualhousedetails
52	Can view individual house details	13	view_individualhousedetails
53	Can add plot details	14	add_plotdetails
54	Can change plot details	14	change_plotdetails
55	Can delete plot details	14	delete_plotdetails
56	Can view plot details	14	view_plotdetails
57	Can add empty land details	15	add_emptylanddetails
58	Can change empty land details	15	change_emptylanddetails
59	Can delete empty land details	15	delete_emptylanddetails
60	Can view empty land details	15	view_emptylanddetails
61	Can add commercial plot details	16	add_commercialplotdetails
62	Can change commercial plot details	16	change_commercialplotdetails
63	Can delete commercial plot details	16	delete_commercialplotdetails
64	Can view commercial plot details	16	view_commercialplotdetails
65	Can add agricultural land details	17	add_agriculturallanddetails
66	Can change agricultural land details	17	change_agriculturallanddetails
67	Can delete agricultural land details	17	delete_agriculturallanddetails
68	Can view agricultural land details	17	view_agriculturallanddetails
69	Can add shop details	18	add_shopdetails
70	Can change shop details	18	change_shopdetails
71	Can delete shop details	18	delete_shopdetails
72	Can view shop details	18	view_shopdetails
73	Can add one rk details	19	add_onerkdetails
74	Can change one rk details	19	change_onerkdetails
75	Can delete one rk details	19	delete_onerkdetails
76	Can view one rk details	19	view_onerkdetails
77	Can add pg coliving details	20	add_pgcolivingdetails
78	Can change pg coliving details	20	change_pgcolivingdetails
79	Can delete pg coliving details	20	delete_pgcolivingdetails
80	Can view pg coliving details	20	view_pgcolivingdetails
81	Can add subscription plan	21	add_subscriptionplan
82	Can change subscription plan	21	change_subscriptionplan
83	Can delete subscription plan	21	delete_subscriptionplan
84	Can view subscription plan	21	view_subscriptionplan
85	Can add user subscription	22	add_usersubscription
86	Can change user subscription	22	change_usersubscription
87	Can delete user subscription	22	delete_usersubscription
88	Can view user subscription	22	view_usersubscription
89	Can add wishlist	23	add_wishlist
90	Can change wishlist	23	change_wishlist
91	Can delete wishlist	23	delete_wishlist
92	Can view wishlist	23	view_wishlist
93	Can add payment	24	add_payment
94	Can change payment	24	change_payment
95	Can delete payment	24	delete_payment
96	Can view payment	24	view_payment
97	Can add property media	25	add_propertymedia
98	Can change property media	25	change_propertymedia
99	Can delete property media	25	delete_propertymedia
100	Can view property media	25	view_propertymedia
101	Can add User Search History	26	add_usersearchhistory
102	Can change User Search History	26	change_usersearchhistory
103	Can delete User Search History	26	delete_usersearchhistory
104	Can view User Search History	26	view_usersearchhistory
105	Can add user activity	27	add_useractivity
106	Can change user activity	27	change_useractivity
107	Can delete user activity	27	delete_useractivity
108	Can view user activity	27	view_useractivity
\.


--
-- Data for Name: auth_user; Type: TABLE DATA; Schema: public; Owner: postgres
--

COPY public.auth_user (id, password, last_login, is_superuser, username, first_name, last_name, email, is_staff, is_active, date_joined) FROM stdin;
\.


--
-- Data for Name: auth_user_groups; Type: TABLE DATA; Schema: public; Owner: postgres
--

COPY public.auth_user_groups (id, user_id, group_id) FROM stdin;
\.


--
-- Data for Name: auth_user_user_permissions; Type: TABLE DATA; Schema: public; Owner: postgres
--

COPY public.auth_user_user_permissions (id, user_id, permission_id) FROM stdin;
\.


--
-- Data for Name: categories; Type: TABLE DATA; Schema: public; Owner: postgres
--

COPY public.categories (id, tenant_id, category_name) FROM stdin;
2	1	Rent
6	1	Lease
1	1	Sale
\.


--
-- Data for Name: commercial_plot_details; Type: TABLE DATA; Schema: public; Owner: postgres
--

COPY public.commercial_plot_details (id, property_id, plot_area_sqft, length, breadth, road_width, facing, corner_plot, gated_community, boundary_wall, water_connection, electricity_connection, commercial_approved, near_main_road, created_at, updated_at) FROM stdin;
\.


--
-- Data for Name: django_admin_log; Type: TABLE DATA; Schema: public; Owner: postgres
--

COPY public.django_admin_log (id, action_time, object_id, object_repr, action_flag, change_message, content_type_id, user_id) FROM stdin;
\.


--
-- Data for Name: django_content_type; Type: TABLE DATA; Schema: public; Owner: postgres
--

COPY public.django_content_type (id, app_label, model) FROM stdin;
1	admin	logentry
2	auth	permission
3	auth	group
4	auth	user
5	contenttypes	contenttype
6	sessions	session
7	authentication	user
8	properties	location
9	properties	category
10	properties	propertytype
11	properties	property
12	properties	apartmentdetails
13	properties	individualhousedetails
14	properties	plotdetails
15	properties	emptylanddetails
16	properties	commercialplotdetails
17	properties	agriculturallanddetails
18	properties	shopdetails
19	properties	onerkdetails
20	properties	pgcolivingdetails
21	subscriptions	subscriptionplan
22	subscriptions	usersubscription
23	wishlist	wishlist
24	payments	payment
25	properties	propertymedia
26	user_activity	usersearchhistory
27	user_activity	useractivity
\.


--
-- Data for Name: django_migrations; Type: TABLE DATA; Schema: public; Owner: postgres
--

COPY public.django_migrations (id, app, name, applied) FROM stdin;
1	contenttypes	0001_initial	2025-07-24 12:26:49.507059+05:30
2	auth	0001_initial	2025-07-24 12:26:49.569804+05:30
3	admin	0001_initial	2025-07-24 12:26:49.586368+05:30
4	admin	0002_logentry_remove_auto_add	2025-07-24 12:26:49.591245+05:30
5	admin	0003_logentry_add_action_flag_choices	2025-07-24 12:26:49.597029+05:30
6	contenttypes	0002_remove_content_type_name	2025-07-24 12:26:49.61404+05:30
7	auth	0002_alter_permission_name_max_length	2025-07-24 12:26:49.619991+05:30
8	auth	0003_alter_user_email_max_length	2025-07-24 12:26:49.625589+05:30
9	auth	0004_alter_user_username_opts	2025-07-24 12:26:49.631268+05:30
10	auth	0005_alter_user_last_login_null	2025-07-24 12:26:49.637388+05:30
11	auth	0006_require_contenttypes_0002	2025-07-24 12:26:49.63836+05:30
12	auth	0007_alter_validators_add_error_messages	2025-07-24 12:26:49.643149+05:30
13	auth	0008_alter_user_username_max_length	2025-07-24 12:26:49.65336+05:30
14	auth	0009_alter_user_last_name_max_length	2025-07-24 12:26:49.659243+05:30
15	auth	0010_alter_group_name_max_length	2025-07-24 12:26:49.666914+05:30
16	auth	0011_update_proxy_permissions	2025-07-24 12:26:49.671282+05:30
17	auth	0012_alter_user_first_name_max_length	2025-07-24 12:26:49.676715+05:30
18	sessions	0001_initial	2025-07-24 12:26:49.685523+05:30
19	payments	0001_initial	2025-09-24 13:07:16.830429+05:30
\.


--
-- Data for Name: django_session; Type: TABLE DATA; Schema: public; Owner: postgres
--

COPY public.django_session (session_key, session_data, expire_date) FROM stdin;
7e2r9upj0978tgo2u7ph5a5owav01uhv	.eJxVjEEOwiAQRe_C2hBm2gLj0r1nIANDpWpoUtqV8e7apAvd_vfef6nA21rC1vISJlFnher0u0VOj1x3IHeut1mnua7LFPWu6IM2fZ0lPy-H-3dQuJVvTd2A1oHN3iN2BMnJSDxSz1EyxugHSgACbKizvaBzzkACI2I9MaJ6fwDGKTcZ:1uh6a4:MPlmhMy898swPGNXUXLZ7lqJOMAorNVOoaJ2XdpuIp4	2025-08-13 18:40:52.030969+05:30
\.


--
-- Data for Name: empty_land_details; Type: TABLE DATA; Schema: public; Owner: postgres
--

COPY public.empty_land_details (id, property_id, plot_area_sqft, length, breadth, road_width, facing, corner_plot, gated_community, boundary_wall, water_connection, electricity_connection, created_at, updated_at) FROM stdin;
\.


--
-- Data for Name: individual_house_details; Type: TABLE DATA; Schema: public; Owner: postgres
--

COPY public.individual_house_details (id, property_id, property_type_id, bhk, bedrooms, bathrooms, balconies, plot_area_sqft, builtup_area_sqft, floor_count, has_parking, has_garden, has_terrace, road_width_feet, facing, maintenance_fee, created_at, updated_at) FROM stdin;
\.


--
-- Data for Name: locations; Type: TABLE DATA; Schema: public; Owner: postgres
--

COPY public.locations (id, street, city, state, country, pincode, latitude, longitude, locality, landmark, apartment_society) FROM stdin;
\.


--
-- Data for Name: one_rk_details; Type: TABLE DATA; Schema: public; Owner: postgres
--

COPY public.one_rk_details (id, property_id, built_up_area_sqft, carpet_area_sqft, floor_number, total_floors, furnishing, bath_count, balcony_count, parking_available, lift_available, water_supply, power_backup, facing, suitable_for, created_at, updated_at) FROM stdin;
\.


--
-- Data for Name: payments_payment; Type: TABLE DATA; Schema: public; Owner: postgres
--

COPY public.payments_payment (id, order_id, payment_id, signature, amount, currency, status, created_at, user_id) FROM stdin;
\.


--
-- Data for Name: pg_coliving_details; Type: TABLE DATA; Schema: public; Owner: postgres
--

COPY public.pg_coliving_details (id, property_id, sharing_type, total_beds, available_beds, has_meals, has_wifi, has_housekeeping, has_laundry, has_parking, rent_per_bed, deposit, maintenance_fee, furnishing, gender_preference, created_at, updated_at) FROM stdin;
\.


--
-- Data for Name: plot_details; Type: TABLE DATA; Schema: public; Owner: postgres
--

COPY public.plot_details (id, property_id, plot_area_sqft, plot_length_ft, plot_breadth_ft, facing, approval_status, approval_authority, permissible_floors, corner_plot, boundary_wall, open_sides_count, construction_done, road_size_sqft, created_at, updated_at) FROM stdin;
\.


--
-- Data for Name: properties; Type: TABLE DATA; Schema: public; Owner: postgres
--

COPY public.properties (id, tenant_id, user_id, title, description, price, area_value, location_id, property_type, status, created_at, updated_at, category_id, sale_type, verification_status, area_unit, price_type, registration_fee) FROM stdin;
\.


--
-- Data for Name: property_media; Type: TABLE DATA; Schema: public; Owner: postgres
--

COPY public.property_media (id, property_id, image_url, video_url, thumbnail_url, created_at, updated_at, is_cover) FROM stdin;
\.


--
-- Data for Name: property_types; Type: TABLE DATA; Schema: public; Owner: postgres
--

COPY public.property_types (id, tenant_id, type_name, image, color_code) FROM stdin;
11	1	Commercial PG/Coliving	\N	\N
5	1	Residential Apartment		#D1D9EB
9	1	Commercial Apartment		#D1D9EB
1	1	Residential Plot		#C0E28D
3	1	Commercial Plot		#C0E28D
8	1	Residential 1RK		#DEE595
6	1	Residential Independent House		#DEE595
10	1	Commercial 1RK		#DEE595
2	1	Commercial Independent House		#DEE595
7	1	Commercial Shop		#D1D9EB
4	1	Commercial Agricultural Land		#C0E28D
\.


--
-- Data for Name: shop_details; Type: TABLE DATA; Schema: public; Owner: postgres
--

COPY public.shop_details (id, property_id, built_up_area_sqft, carpet_area_sqft, floor_number, total_floors, road_facing, corner_location, washroom_available, pantry_available, power_backup, lift_available, parking_available, suitable_for, facing, created_at, updated_at) FROM stdin;
\.


--
-- Data for Name: subscription_plans; Type: TABLE DATA; Schema: public; Owner: postgres
--

COPY public.subscription_plans (id, tenant_id, name, description, price, validity_days, max_properties, max_property_views, created_at, user_type) FROM stdin;
1	1	Free	Free plan with limited access	0.00	30	1	10	2025-08-28 16:03:54.430136	Individual User
2	1	Medium	Medium plan with reasonable posting and viewing limits	499.00	90	10	100	2025-08-28 16:03:54.430136	Individual User
5	1	Free Plan	Free plan for agents	0.00	30	2	50	2025-09-01 10:24:19.276093	Agent
6	1	Free Plan	Free plan for builders	0.00	30	2	50	2025-09-01 10:24:19.276093	Builder
7	1	Free Plan	Free plan for promoters	0.00	30	2	50	2025-09-01 10:24:19.276093	Promoter
8	1	Starter Plan	Starter plan for agents	1499.00	30	20	1000	2025-09-01 10:25:38.700874	Agent
9	1	Pro Plan	Pro plan for agents	2999.00	90	50	5000	2025-09-01 10:25:38.700874	Agent
10	1	Basic Builder	Basic plan for builders	4999.00	180	100	20000	2025-09-01 10:26:03.530751	Builder
11	1	Enterprise Builder	Enterprise plan for builders	9999.00	365	500	100000	2025-09-01 10:26:03.530751	Builder
12	1	Starter Promoter	Starter plan for promoters	2499.00	90	30	10000	2025-09-01 10:26:23.093076	Promoter
13	1	Elite Promoter	Elite plan for promoters	4999.00	365	100	50000	2025-09-01 10:26:23.093076	Promoter
3	1	Premium	Premium plan with maximum benefits	999.00	180	50	150	2025-08-28 16:03:54.430136	Individual User
\.


--
-- Data for Name: tenants; Type: TABLE DATA; Schema: public; Owner: postgres
--

COPY public.tenants (id, name, domain, created_at, updated_at) FROM stdin;
1	ak homes	akhomes.com	2025-07-28 13:07:18.743012	2025-07-28 13:07:18.743012
\.


--
-- Data for Name: transactions; Type: TABLE DATA; Schema: public; Owner: postgres
--

COPY public.transactions (id, user_id, subscription_id, amount, status, payment_method, transaction_date, payment_reference) FROM stdin;
\.


--
-- Data for Name: user_activity; Type: TABLE DATA; Schema: public; Owner: postgres
--

COPY public.user_activity (id, user_id, property_id, action_type, created_at, updated_at) FROM stdin;
\.


--
-- Data for Name: user_search_history; Type: TABLE DATA; Schema: public; Owner: postgres
--

COPY public.user_search_history (id, user_id, locality, city, property_type, created_at, category_type) FROM stdin;
\.


--
-- Data for Name: user_subscriptions; Type: TABLE DATA; Schema: public; Owner: postgres
--

COPY public.user_subscriptions (id, user_id, plan_id, start_date, end_date, properties_posted, property_views, is_active, used_properties, used_property_views) FROM stdin;
\.


--
-- Data for Name: users; Type: TABLE DATA; Schema: public; Owner: postgres
--

COPY public.users (id, tenant_id, user_type, email, phone, password, created_at, updated_at, last_login, first_name, last_name, profile_picture) FROM stdin;
1	1	Super Admin	superadmin@example.com		pbkdf2_sha256$1000000$Nac1yBsqU0y3TsaMbMWUUT$Il+NyHaNof0+T0rH8MUMb0Tx1FmEswuoSSAMYX1JQew=	2025-10-16 16:30:48.104379	2025-10-16 16:31:06.23047	\N	Mypropai	Admin	\N
\.


--
-- Data for Name: wishlist; Type: TABLE DATA; Schema: public; Owner: postgres
--

COPY public.wishlist (wishlist_id, user_id, property_id, created_at, updated_at) FROM stdin;
\.


--
-- Name: agricultural_land_details_id_seq; Type: SEQUENCE SET; Schema: public; Owner: postgres
--

SELECT pg_catalog.setval('public.agricultural_land_details_id_seq', 1, false);


--
-- Name: apartment_details_id_seq; Type: SEQUENCE SET; Schema: public; Owner: postgres
--

SELECT pg_catalog.setval('public.apartment_details_id_seq', 1, false);


--
-- Name: auth_group_id_seq; Type: SEQUENCE SET; Schema: public; Owner: postgres
--

SELECT pg_catalog.setval('public.auth_group_id_seq', 1, false);


--
-- Name: auth_group_permissions_id_seq; Type: SEQUENCE SET; Schema: public; Owner: postgres
--

SELECT pg_catalog.setval('public.auth_group_permissions_id_seq', 1, false);


--
-- Name: auth_permission_id_seq; Type: SEQUENCE SET; Schema: public; Owner: postgres
--

SELECT pg_catalog.setval('public.auth_permission_id_seq', 108, true);


--
-- Name: auth_user_groups_id_seq; Type: SEQUENCE SET; Schema: public; Owner: postgres
--

SELECT pg_catalog.setval('public.auth_user_groups_id_seq', 1, false);


--
-- Name: auth_user_id_seq; Type: SEQUENCE SET; Schema: public; Owner: postgres
--

SELECT pg_catalog.setval('public.auth_user_id_seq', 1, false);


--
-- Name: auth_user_user_permissions_id_seq; Type: SEQUENCE SET; Schema: public; Owner: postgres
--

SELECT pg_catalog.setval('public.auth_user_user_permissions_id_seq', 1, false);


--
-- Name: categories_id_seq; Type: SEQUENCE SET; Schema: public; Owner: postgres
--

SELECT pg_catalog.setval('public.categories_id_seq', 12, true);


--
-- Name: commercial_plot_details_id_seq; Type: SEQUENCE SET; Schema: public; Owner: postgres
--

SELECT pg_catalog.setval('public.commercial_plot_details_id_seq', 1, false);


--
-- Name: django_admin_log_id_seq; Type: SEQUENCE SET; Schema: public; Owner: postgres
--

SELECT pg_catalog.setval('public.django_admin_log_id_seq', 1, false);


--
-- Name: django_content_type_id_seq; Type: SEQUENCE SET; Schema: public; Owner: postgres
--

SELECT pg_catalog.setval('public.django_content_type_id_seq', 27, true);


--
-- Name: django_migrations_id_seq; Type: SEQUENCE SET; Schema: public; Owner: postgres
--

SELECT pg_catalog.setval('public.django_migrations_id_seq', 19, true);


--
-- Name: empty_land_details_id_seq; Type: SEQUENCE SET; Schema: public; Owner: postgres
--

SELECT pg_catalog.setval('public.empty_land_details_id_seq', 1, false);


--
-- Name: individual_house_details_id_seq; Type: SEQUENCE SET; Schema: public; Owner: postgres
--

SELECT pg_catalog.setval('public.individual_house_details_id_seq', 1, false);


--
-- Name: locations_id_seq; Type: SEQUENCE SET; Schema: public; Owner: postgres
--

SELECT pg_catalog.setval('public.locations_id_seq', 1, false);


--
-- Name: one_rk_details_id_seq; Type: SEQUENCE SET; Schema: public; Owner: postgres
--

SELECT pg_catalog.setval('public.one_rk_details_id_seq', 1, false);


--
-- Name: payments_payment_id_seq; Type: SEQUENCE SET; Schema: public; Owner: postgres
--

SELECT pg_catalog.setval('public.payments_payment_id_seq', 1, false);


--
-- Name: pg_coliving_details_id_seq; Type: SEQUENCE SET; Schema: public; Owner: postgres
--

SELECT pg_catalog.setval('public.pg_coliving_details_id_seq', 1, false);


--
-- Name: plot_details_id_seq; Type: SEQUENCE SET; Schema: public; Owner: postgres
--

SELECT pg_catalog.setval('public.plot_details_id_seq', 1, false);


--
-- Name: properties_id_seq; Type: SEQUENCE SET; Schema: public; Owner: postgres
--

SELECT pg_catalog.setval('public.properties_id_seq', 1, false);


--
-- Name: property_media_id_seq; Type: SEQUENCE SET; Schema: public; Owner: postgres
--

SELECT pg_catalog.setval('public.property_media_id_seq', 1, false);


--
-- Name: property_types_id_seq; Type: SEQUENCE SET; Schema: public; Owner: postgres
--

SELECT pg_catalog.setval('public.property_types_id_seq', 11, true);


--
-- Name: shop_details_id_seq; Type: SEQUENCE SET; Schema: public; Owner: postgres
--

SELECT pg_catalog.setval('public.shop_details_id_seq', 1, false);


--
-- Name: subscription_plans_id_seq; Type: SEQUENCE SET; Schema: public; Owner: postgres
--

SELECT pg_catalog.setval('public.subscription_plans_id_seq', 13, true);


--
-- Name: tenants_id_seq; Type: SEQUENCE SET; Schema: public; Owner: postgres
--

SELECT pg_catalog.setval('public.tenants_id_seq', 1, true);


--
-- Name: transactions_id_seq; Type: SEQUENCE SET; Schema: public; Owner: postgres
--

SELECT pg_catalog.setval('public.transactions_id_seq', 1, false);


--
-- Name: user_activity_id_seq; Type: SEQUENCE SET; Schema: public; Owner: postgres
--

SELECT pg_catalog.setval('public.user_activity_id_seq', 1, false);


--
-- Name: user_search_history_id_seq; Type: SEQUENCE SET; Schema: public; Owner: postgres
--

SELECT pg_catalog.setval('public.user_search_history_id_seq', 1, false);


--
-- Name: user_subscriptions_id_seq; Type: SEQUENCE SET; Schema: public; Owner: postgres
--

SELECT pg_catalog.setval('public.user_subscriptions_id_seq', 1, false);


--
-- Name: users_id_seq; Type: SEQUENCE SET; Schema: public; Owner: postgres
--

SELECT pg_catalog.setval('public.users_id_seq', 1, true);


--
-- Name: wishlist_wishlist_id_seq; Type: SEQUENCE SET; Schema: public; Owner: postgres
--

SELECT pg_catalog.setval('public.wishlist_wishlist_id_seq', 1, false);


--
-- Name: agricultural_land_details agricultural_land_details_pkey; Type: CONSTRAINT; Schema: public; Owner: postgres
--

ALTER TABLE ONLY public.agricultural_land_details
    ADD CONSTRAINT agricultural_land_details_pkey PRIMARY KEY (id);


--
-- Name: apartment_details apartment_details_pkey; Type: CONSTRAINT; Schema: public; Owner: postgres
--

ALTER TABLE ONLY public.apartment_details
    ADD CONSTRAINT apartment_details_pkey PRIMARY KEY (id);


--
-- Name: auth_group auth_group_name_key; Type: CONSTRAINT; Schema: public; Owner: postgres
--

ALTER TABLE ONLY public.auth_group
    ADD CONSTRAINT auth_group_name_key UNIQUE (name);


--
-- Name: auth_group_permissions auth_group_permissions_group_id_permission_id_0cd325b0_uniq; Type: CONSTRAINT; Schema: public; Owner: postgres
--

ALTER TABLE ONLY public.auth_group_permissions
    ADD CONSTRAINT auth_group_permissions_group_id_permission_id_0cd325b0_uniq UNIQUE (group_id, permission_id);


--
-- Name: auth_group_permissions auth_group_permissions_pkey; Type: CONSTRAINT; Schema: public; Owner: postgres
--

ALTER TABLE ONLY public.auth_group_permissions
    ADD CONSTRAINT auth_group_permissions_pkey PRIMARY KEY (id);


--
-- Name: auth_group auth_group_pkey; Type: CONSTRAINT; Schema: public; Owner: postgres
--

ALTER TABLE ONLY public.auth_group
    ADD CONSTRAINT auth_group_pkey PRIMARY KEY (id);


--
-- Name: auth_permission auth_permission_content_type_id_codename_01ab375a_uniq; Type: CONSTRAINT; Schema: public; Owner: postgres
--

ALTER TABLE ONLY public.auth_permission
    ADD CONSTRAINT auth_permission_content_type_id_codename_01ab375a_uniq UNIQUE (content_type_id, codename);


--
-- Name: auth_permission auth_permission_pkey; Type: CONSTRAINT; Schema: public; Owner: postgres
--

ALTER TABLE ONLY public.auth_permission
    ADD CONSTRAINT auth_permission_pkey PRIMARY KEY (id);


--
-- Name: auth_user_groups auth_user_groups_pkey; Type: CONSTRAINT; Schema: public; Owner: postgres
--

ALTER TABLE ONLY public.auth_user_groups
    ADD CONSTRAINT auth_user_groups_pkey PRIMARY KEY (id);


--
-- Name: auth_user_groups auth_user_groups_user_id_group_id_94350c0c_uniq; Type: CONSTRAINT; Schema: public; Owner: postgres
--

ALTER TABLE ONLY public.auth_user_groups
    ADD CONSTRAINT auth_user_groups_user_id_group_id_94350c0c_uniq UNIQUE (user_id, group_id);


--
-- Name: auth_user auth_user_pkey; Type: CONSTRAINT; Schema: public; Owner: postgres
--

ALTER TABLE ONLY public.auth_user
    ADD CONSTRAINT auth_user_pkey PRIMARY KEY (id);


--
-- Name: auth_user_user_permissions auth_user_user_permissions_pkey; Type: CONSTRAINT; Schema: public; Owner: postgres
--

ALTER TABLE ONLY public.auth_user_user_permissions
    ADD CONSTRAINT auth_user_user_permissions_pkey PRIMARY KEY (id);


--
-- Name: auth_user_user_permissions auth_user_user_permissions_user_id_permission_id_14a6b632_uniq; Type: CONSTRAINT; Schema: public; Owner: postgres
--

ALTER TABLE ONLY public.auth_user_user_permissions
    ADD CONSTRAINT auth_user_user_permissions_user_id_permission_id_14a6b632_uniq UNIQUE (user_id, permission_id);


--
-- Name: auth_user auth_user_username_key; Type: CONSTRAINT; Schema: public; Owner: postgres
--

ALTER TABLE ONLY public.auth_user
    ADD CONSTRAINT auth_user_username_key UNIQUE (username);


--
-- Name: categories categories_pkey; Type: CONSTRAINT; Schema: public; Owner: postgres
--

ALTER TABLE ONLY public.categories
    ADD CONSTRAINT categories_pkey PRIMARY KEY (id);


--
-- Name: categories categories_tenant_category_unique; Type: CONSTRAINT; Schema: public; Owner: postgres
--

ALTER TABLE ONLY public.categories
    ADD CONSTRAINT categories_tenant_category_unique UNIQUE (tenant_id, category_name);


--
-- Name: commercial_plot_details commercial_plot_details_pkey; Type: CONSTRAINT; Schema: public; Owner: postgres
--

ALTER TABLE ONLY public.commercial_plot_details
    ADD CONSTRAINT commercial_plot_details_pkey PRIMARY KEY (id);


--
-- Name: django_admin_log django_admin_log_pkey; Type: CONSTRAINT; Schema: public; Owner: postgres
--

ALTER TABLE ONLY public.django_admin_log
    ADD CONSTRAINT django_admin_log_pkey PRIMARY KEY (id);


--
-- Name: django_content_type django_content_type_app_label_model_76bd3d3b_uniq; Type: CONSTRAINT; Schema: public; Owner: postgres
--

ALTER TABLE ONLY public.django_content_type
    ADD CONSTRAINT django_content_type_app_label_model_76bd3d3b_uniq UNIQUE (app_label, model);


--
-- Name: django_content_type django_content_type_pkey; Type: CONSTRAINT; Schema: public; Owner: postgres
--

ALTER TABLE ONLY public.django_content_type
    ADD CONSTRAINT django_content_type_pkey PRIMARY KEY (id);


--
-- Name: django_migrations django_migrations_pkey; Type: CONSTRAINT; Schema: public; Owner: postgres
--

ALTER TABLE ONLY public.django_migrations
    ADD CONSTRAINT django_migrations_pkey PRIMARY KEY (id);


--
-- Name: django_session django_session_pkey; Type: CONSTRAINT; Schema: public; Owner: postgres
--

ALTER TABLE ONLY public.django_session
    ADD CONSTRAINT django_session_pkey PRIMARY KEY (session_key);


--
-- Name: empty_land_details empty_land_details_pkey; Type: CONSTRAINT; Schema: public; Owner: postgres
--

ALTER TABLE ONLY public.empty_land_details
    ADD CONSTRAINT empty_land_details_pkey PRIMARY KEY (id);


--
-- Name: individual_house_details individual_house_details_pkey; Type: CONSTRAINT; Schema: public; Owner: postgres
--

ALTER TABLE ONLY public.individual_house_details
    ADD CONSTRAINT individual_house_details_pkey PRIMARY KEY (id);


--
-- Name: locations locations_pkey; Type: CONSTRAINT; Schema: public; Owner: postgres
--

ALTER TABLE ONLY public.locations
    ADD CONSTRAINT locations_pkey PRIMARY KEY (id);


--
-- Name: one_rk_details one_rk_details_pkey; Type: CONSTRAINT; Schema: public; Owner: postgres
--

ALTER TABLE ONLY public.one_rk_details
    ADD CONSTRAINT one_rk_details_pkey PRIMARY KEY (id);


--
-- Name: payments_payment payments_payment_order_id_key; Type: CONSTRAINT; Schema: public; Owner: postgres
--

ALTER TABLE ONLY public.payments_payment
    ADD CONSTRAINT payments_payment_order_id_key UNIQUE (order_id);


--
-- Name: payments_payment payments_payment_pkey; Type: CONSTRAINT; Schema: public; Owner: postgres
--

ALTER TABLE ONLY public.payments_payment
    ADD CONSTRAINT payments_payment_pkey PRIMARY KEY (id);


--
-- Name: pg_coliving_details pg_coliving_details_pkey; Type: CONSTRAINT; Schema: public; Owner: postgres
--

ALTER TABLE ONLY public.pg_coliving_details
    ADD CONSTRAINT pg_coliving_details_pkey PRIMARY KEY (id);


--
-- Name: plot_details plot_details_pkey; Type: CONSTRAINT; Schema: public; Owner: postgres
--

ALTER TABLE ONLY public.plot_details
    ADD CONSTRAINT plot_details_pkey PRIMARY KEY (id);


--
-- Name: properties properties_pkey; Type: CONSTRAINT; Schema: public; Owner: postgres
--

ALTER TABLE ONLY public.properties
    ADD CONSTRAINT properties_pkey PRIMARY KEY (id);


--
-- Name: property_media property_media_pkey; Type: CONSTRAINT; Schema: public; Owner: postgres
--

ALTER TABLE ONLY public.property_media
    ADD CONSTRAINT property_media_pkey PRIMARY KEY (id);


--
-- Name: property_types property_types_pkey; Type: CONSTRAINT; Schema: public; Owner: postgres
--

ALTER TABLE ONLY public.property_types
    ADD CONSTRAINT property_types_pkey PRIMARY KEY (id);


--
-- Name: shop_details shop_details_pkey; Type: CONSTRAINT; Schema: public; Owner: postgres
--

ALTER TABLE ONLY public.shop_details
    ADD CONSTRAINT shop_details_pkey PRIMARY KEY (id);


--
-- Name: subscription_plans subscription_plans_pkey; Type: CONSTRAINT; Schema: public; Owner: postgres
--

ALTER TABLE ONLY public.subscription_plans
    ADD CONSTRAINT subscription_plans_pkey PRIMARY KEY (id);


--
-- Name: tenants tenants_domain_key; Type: CONSTRAINT; Schema: public; Owner: postgres
--

ALTER TABLE ONLY public.tenants
    ADD CONSTRAINT tenants_domain_key UNIQUE (domain);


--
-- Name: tenants tenants_pkey; Type: CONSTRAINT; Schema: public; Owner: postgres
--

ALTER TABLE ONLY public.tenants
    ADD CONSTRAINT tenants_pkey PRIMARY KEY (id);


--
-- Name: transactions transactions_pkey; Type: CONSTRAINT; Schema: public; Owner: postgres
--

ALTER TABLE ONLY public.transactions
    ADD CONSTRAINT transactions_pkey PRIMARY KEY (id);


--
-- Name: wishlist unique_user_property; Type: CONSTRAINT; Schema: public; Owner: postgres
--

ALTER TABLE ONLY public.wishlist
    ADD CONSTRAINT unique_user_property UNIQUE (user_id, property_id);


--
-- Name: user_activity user_activity_pkey; Type: CONSTRAINT; Schema: public; Owner: postgres
--

ALTER TABLE ONLY public.user_activity
    ADD CONSTRAINT user_activity_pkey PRIMARY KEY (id);


--
-- Name: user_activity user_activity_user_id_property_id_action_type_key; Type: CONSTRAINT; Schema: public; Owner: postgres
--

ALTER TABLE ONLY public.user_activity
    ADD CONSTRAINT user_activity_user_id_property_id_action_type_key UNIQUE (user_id, property_id, action_type);


--
-- Name: user_search_history user_search_history_pkey; Type: CONSTRAINT; Schema: public; Owner: postgres
--

ALTER TABLE ONLY public.user_search_history
    ADD CONSTRAINT user_search_history_pkey PRIMARY KEY (id);


--
-- Name: user_subscriptions user_subscriptions_pkey; Type: CONSTRAINT; Schema: public; Owner: postgres
--

ALTER TABLE ONLY public.user_subscriptions
    ADD CONSTRAINT user_subscriptions_pkey PRIMARY KEY (id);


--
-- Name: users users_email_key; Type: CONSTRAINT; Schema: public; Owner: postgres
--

ALTER TABLE ONLY public.users
    ADD CONSTRAINT users_email_key UNIQUE (email);


--
-- Name: users users_phone_key; Type: CONSTRAINT; Schema: public; Owner: postgres
--

ALTER TABLE ONLY public.users
    ADD CONSTRAINT users_phone_key UNIQUE (phone);


--
-- Name: users users_pkey; Type: CONSTRAINT; Schema: public; Owner: postgres
--

ALTER TABLE ONLY public.users
    ADD CONSTRAINT users_pkey PRIMARY KEY (id);


--
-- Name: wishlist wishlist_pkey; Type: CONSTRAINT; Schema: public; Owner: postgres
--

ALTER TABLE ONLY public.wishlist
    ADD CONSTRAINT wishlist_pkey PRIMARY KEY (wishlist_id);


--
-- Name: auth_group_name_a6ea08ec_like; Type: INDEX; Schema: public; Owner: postgres
--

CREATE INDEX auth_group_name_a6ea08ec_like ON public.auth_group USING btree (name varchar_pattern_ops);


--
-- Name: auth_group_permissions_group_id_b120cbf9; Type: INDEX; Schema: public; Owner: postgres
--

CREATE INDEX auth_group_permissions_group_id_b120cbf9 ON public.auth_group_permissions USING btree (group_id);


--
-- Name: auth_group_permissions_permission_id_84c5c92e; Type: INDEX; Schema: public; Owner: postgres
--

CREATE INDEX auth_group_permissions_permission_id_84c5c92e ON public.auth_group_permissions USING btree (permission_id);


--
-- Name: auth_permission_content_type_id_2f476e4b; Type: INDEX; Schema: public; Owner: postgres
--

CREATE INDEX auth_permission_content_type_id_2f476e4b ON public.auth_permission USING btree (content_type_id);


--
-- Name: auth_user_groups_group_id_97559544; Type: INDEX; Schema: public; Owner: postgres
--

CREATE INDEX auth_user_groups_group_id_97559544 ON public.auth_user_groups USING btree (group_id);


--
-- Name: auth_user_groups_user_id_6a12ed8b; Type: INDEX; Schema: public; Owner: postgres
--

CREATE INDEX auth_user_groups_user_id_6a12ed8b ON public.auth_user_groups USING btree (user_id);


--
-- Name: auth_user_user_permissions_permission_id_1fbb5f2c; Type: INDEX; Schema: public; Owner: postgres
--

CREATE INDEX auth_user_user_permissions_permission_id_1fbb5f2c ON public.auth_user_user_permissions USING btree (permission_id);


--
-- Name: auth_user_user_permissions_user_id_a95ead1b; Type: INDEX; Schema: public; Owner: postgres
--

CREATE INDEX auth_user_user_permissions_user_id_a95ead1b ON public.auth_user_user_permissions USING btree (user_id);


--
-- Name: auth_user_username_6821ab7c_like; Type: INDEX; Schema: public; Owner: postgres
--

CREATE INDEX auth_user_username_6821ab7c_like ON public.auth_user USING btree (username varchar_pattern_ops);


--
-- Name: django_admin_log_content_type_id_c4bce8eb; Type: INDEX; Schema: public; Owner: postgres
--

CREATE INDEX django_admin_log_content_type_id_c4bce8eb ON public.django_admin_log USING btree (content_type_id);


--
-- Name: django_admin_log_user_id_c564eba6; Type: INDEX; Schema: public; Owner: postgres
--

CREATE INDEX django_admin_log_user_id_c564eba6 ON public.django_admin_log USING btree (user_id);


--
-- Name: django_session_expire_date_a5c62663; Type: INDEX; Schema: public; Owner: postgres
--

CREATE INDEX django_session_expire_date_a5c62663 ON public.django_session USING btree (expire_date);


--
-- Name: django_session_session_key_c0390e0f_like; Type: INDEX; Schema: public; Owner: postgres
--

CREATE INDEX django_session_session_key_c0390e0f_like ON public.django_session USING btree (session_key varchar_pattern_ops);


--
-- Name: idx_plot_details_property_id; Type: INDEX; Schema: public; Owner: postgres
--

CREATE INDEX idx_plot_details_property_id ON public.plot_details USING btree (property_id);


--
-- Name: payments_payment_order_id_22c479b7_like; Type: INDEX; Schema: public; Owner: postgres
--

CREATE INDEX payments_payment_order_id_22c479b7_like ON public.payments_payment USING btree (order_id varchar_pattern_ops);


--
-- Name: payments_payment_user_id_f9db060a; Type: INDEX; Schema: public; Owner: postgres
--

CREATE INDEX payments_payment_user_id_f9db060a ON public.payments_payment USING btree (user_id);


--
-- Name: plot_details trigger_update_plot_details_updated_at; Type: TRIGGER; Schema: public; Owner: postgres
--

CREATE TRIGGER trigger_update_plot_details_updated_at BEFORE UPDATE ON public.plot_details FOR EACH ROW EXECUTE FUNCTION public.update_plot_details_updated_at();


--
-- Name: agricultural_land_details agricultural_land_details_property_id_fkey; Type: FK CONSTRAINT; Schema: public; Owner: postgres
--

ALTER TABLE ONLY public.agricultural_land_details
    ADD CONSTRAINT agricultural_land_details_property_id_fkey FOREIGN KEY (property_id) REFERENCES public.properties(id) ON DELETE CASCADE;


--
-- Name: apartment_details apartment_details_property_id_fkey; Type: FK CONSTRAINT; Schema: public; Owner: postgres
--

ALTER TABLE ONLY public.apartment_details
    ADD CONSTRAINT apartment_details_property_id_fkey FOREIGN KEY (property_id) REFERENCES public.properties(id) ON DELETE CASCADE;


--
-- Name: apartment_details apartment_details_property_type_id_fkey; Type: FK CONSTRAINT; Schema: public; Owner: postgres
--

ALTER TABLE ONLY public.apartment_details
    ADD CONSTRAINT apartment_details_property_type_id_fkey FOREIGN KEY (property_type_id) REFERENCES public.property_types(id) ON DELETE SET NULL;


--
-- Name: auth_group_permissions auth_group_permissio_permission_id_84c5c92e_fk_auth_perm; Type: FK CONSTRAINT; Schema: public; Owner: postgres
--

ALTER TABLE ONLY public.auth_group_permissions
    ADD CONSTRAINT auth_group_permissio_permission_id_84c5c92e_fk_auth_perm FOREIGN KEY (permission_id) REFERENCES public.auth_permission(id) DEFERRABLE INITIALLY DEFERRED;


--
-- Name: auth_group_permissions auth_group_permissions_group_id_b120cbf9_fk_auth_group_id; Type: FK CONSTRAINT; Schema: public; Owner: postgres
--

ALTER TABLE ONLY public.auth_group_permissions
    ADD CONSTRAINT auth_group_permissions_group_id_b120cbf9_fk_auth_group_id FOREIGN KEY (group_id) REFERENCES public.auth_group(id) DEFERRABLE INITIALLY DEFERRED;


--
-- Name: auth_permission auth_permission_content_type_id_2f476e4b_fk_django_co; Type: FK CONSTRAINT; Schema: public; Owner: postgres
--

ALTER TABLE ONLY public.auth_permission
    ADD CONSTRAINT auth_permission_content_type_id_2f476e4b_fk_django_co FOREIGN KEY (content_type_id) REFERENCES public.django_content_type(id) DEFERRABLE INITIALLY DEFERRED;


--
-- Name: auth_user_groups auth_user_groups_group_id_97559544_fk_auth_group_id; Type: FK CONSTRAINT; Schema: public; Owner: postgres
--

ALTER TABLE ONLY public.auth_user_groups
    ADD CONSTRAINT auth_user_groups_group_id_97559544_fk_auth_group_id FOREIGN KEY (group_id) REFERENCES public.auth_group(id) DEFERRABLE INITIALLY DEFERRED;


--
-- Name: auth_user_groups auth_user_groups_user_id_6a12ed8b_fk_auth_user_id; Type: FK CONSTRAINT; Schema: public; Owner: postgres
--

ALTER TABLE ONLY public.auth_user_groups
    ADD CONSTRAINT auth_user_groups_user_id_6a12ed8b_fk_auth_user_id FOREIGN KEY (user_id) REFERENCES public.auth_user(id) DEFERRABLE INITIALLY DEFERRED;


--
-- Name: auth_user_user_permissions auth_user_user_permi_permission_id_1fbb5f2c_fk_auth_perm; Type: FK CONSTRAINT; Schema: public; Owner: postgres
--

ALTER TABLE ONLY public.auth_user_user_permissions
    ADD CONSTRAINT auth_user_user_permi_permission_id_1fbb5f2c_fk_auth_perm FOREIGN KEY (permission_id) REFERENCES public.auth_permission(id) DEFERRABLE INITIALLY DEFERRED;


--
-- Name: auth_user_user_permissions auth_user_user_permissions_user_id_a95ead1b_fk_auth_user_id; Type: FK CONSTRAINT; Schema: public; Owner: postgres
--

ALTER TABLE ONLY public.auth_user_user_permissions
    ADD CONSTRAINT auth_user_user_permissions_user_id_a95ead1b_fk_auth_user_id FOREIGN KEY (user_id) REFERENCES public.auth_user(id) DEFERRABLE INITIALLY DEFERRED;


--
-- Name: categories categories_tenant_id_fkey; Type: FK CONSTRAINT; Schema: public; Owner: postgres
--

ALTER TABLE ONLY public.categories
    ADD CONSTRAINT categories_tenant_id_fkey FOREIGN KEY (tenant_id) REFERENCES public.tenants(id) ON DELETE CASCADE;


--
-- Name: commercial_plot_details commercial_plot_details_property_id_fkey; Type: FK CONSTRAINT; Schema: public; Owner: postgres
--

ALTER TABLE ONLY public.commercial_plot_details
    ADD CONSTRAINT commercial_plot_details_property_id_fkey FOREIGN KEY (property_id) REFERENCES public.properties(id) ON DELETE CASCADE;


--
-- Name: django_admin_log django_admin_log_content_type_id_c4bce8eb_fk_django_co; Type: FK CONSTRAINT; Schema: public; Owner: postgres
--

ALTER TABLE ONLY public.django_admin_log
    ADD CONSTRAINT django_admin_log_content_type_id_c4bce8eb_fk_django_co FOREIGN KEY (content_type_id) REFERENCES public.django_content_type(id) DEFERRABLE INITIALLY DEFERRED;


--
-- Name: django_admin_log django_admin_log_user_id_c564eba6_fk_auth_user_id; Type: FK CONSTRAINT; Schema: public; Owner: postgres
--

ALTER TABLE ONLY public.django_admin_log
    ADD CONSTRAINT django_admin_log_user_id_c564eba6_fk_auth_user_id FOREIGN KEY (user_id) REFERENCES public.auth_user(id) DEFERRABLE INITIALLY DEFERRED;


--
-- Name: empty_land_details empty_land_details_property_id_fkey; Type: FK CONSTRAINT; Schema: public; Owner: postgres
--

ALTER TABLE ONLY public.empty_land_details
    ADD CONSTRAINT empty_land_details_property_id_fkey FOREIGN KEY (property_id) REFERENCES public.properties(id) ON DELETE CASCADE;


--
-- Name: wishlist fk_property; Type: FK CONSTRAINT; Schema: public; Owner: postgres
--

ALTER TABLE ONLY public.wishlist
    ADD CONSTRAINT fk_property FOREIGN KEY (property_id) REFERENCES public.properties(id) ON DELETE CASCADE;


--
-- Name: wishlist fk_user; Type: FK CONSTRAINT; Schema: public; Owner: postgres
--

ALTER TABLE ONLY public.wishlist
    ADD CONSTRAINT fk_user FOREIGN KEY (user_id) REFERENCES public.users(id) ON DELETE CASCADE;


--
-- Name: individual_house_details individual_house_details_property_id_fkey; Type: FK CONSTRAINT; Schema: public; Owner: postgres
--

ALTER TABLE ONLY public.individual_house_details
    ADD CONSTRAINT individual_house_details_property_id_fkey FOREIGN KEY (property_id) REFERENCES public.properties(id) ON DELETE CASCADE;


--
-- Name: individual_house_details individual_house_details_property_type_id_fkey; Type: FK CONSTRAINT; Schema: public; Owner: postgres
--

ALTER TABLE ONLY public.individual_house_details
    ADD CONSTRAINT individual_house_details_property_type_id_fkey FOREIGN KEY (property_type_id) REFERENCES public.property_types(id) ON DELETE SET NULL;


--
-- Name: one_rk_details one_rk_details_property_id_fkey; Type: FK CONSTRAINT; Schema: public; Owner: postgres
--

ALTER TABLE ONLY public.one_rk_details
    ADD CONSTRAINT one_rk_details_property_id_fkey FOREIGN KEY (property_id) REFERENCES public.properties(id) ON DELETE CASCADE;


--
-- Name: payments_payment payments_payment_user_id_f9db060a_fk_users_id; Type: FK CONSTRAINT; Schema: public; Owner: postgres
--

ALTER TABLE ONLY public.payments_payment
    ADD CONSTRAINT payments_payment_user_id_f9db060a_fk_users_id FOREIGN KEY (user_id) REFERENCES public.users(id) DEFERRABLE INITIALLY DEFERRED;


--
-- Name: pg_coliving_details pg_coliving_details_property_id_fkey; Type: FK CONSTRAINT; Schema: public; Owner: postgres
--

ALTER TABLE ONLY public.pg_coliving_details
    ADD CONSTRAINT pg_coliving_details_property_id_fkey FOREIGN KEY (property_id) REFERENCES public.properties(id) ON DELETE CASCADE;


--
-- Name: plot_details plot_details_property_id_fkey; Type: FK CONSTRAINT; Schema: public; Owner: postgres
--

ALTER TABLE ONLY public.plot_details
    ADD CONSTRAINT plot_details_property_id_fkey FOREIGN KEY (property_id) REFERENCES public.properties(id) ON DELETE CASCADE;


--
-- Name: properties properties_category_id_fkey; Type: FK CONSTRAINT; Schema: public; Owner: postgres
--

ALTER TABLE ONLY public.properties
    ADD CONSTRAINT properties_category_id_fkey FOREIGN KEY (category_id) REFERENCES public.categories(id) ON DELETE SET NULL;


--
-- Name: properties properties_location_id_fkey; Type: FK CONSTRAINT; Schema: public; Owner: postgres
--

ALTER TABLE ONLY public.properties
    ADD CONSTRAINT properties_location_id_fkey FOREIGN KEY (location_id) REFERENCES public.locations(id) ON DELETE SET NULL;


--
-- Name: properties properties_tenant_id_fkey; Type: FK CONSTRAINT; Schema: public; Owner: postgres
--

ALTER TABLE ONLY public.properties
    ADD CONSTRAINT properties_tenant_id_fkey FOREIGN KEY (tenant_id) REFERENCES public.tenants(id) ON DELETE CASCADE;


--
-- Name: properties properties_user_id_fkey; Type: FK CONSTRAINT; Schema: public; Owner: postgres
--

ALTER TABLE ONLY public.properties
    ADD CONSTRAINT properties_user_id_fkey FOREIGN KEY (user_id) REFERENCES public.users(id) ON DELETE SET NULL;


--
-- Name: property_media property_media_property_id_fkey; Type: FK CONSTRAINT; Schema: public; Owner: postgres
--

ALTER TABLE ONLY public.property_media
    ADD CONSTRAINT property_media_property_id_fkey FOREIGN KEY (property_id) REFERENCES public.properties(id) ON DELETE CASCADE;


--
-- Name: property_types property_types_tenant_id_fkey; Type: FK CONSTRAINT; Schema: public; Owner: postgres
--

ALTER TABLE ONLY public.property_types
    ADD CONSTRAINT property_types_tenant_id_fkey FOREIGN KEY (tenant_id) REFERENCES public.tenants(id) ON DELETE CASCADE;


--
-- Name: shop_details shop_details_property_id_fkey; Type: FK CONSTRAINT; Schema: public; Owner: postgres
--

ALTER TABLE ONLY public.shop_details
    ADD CONSTRAINT shop_details_property_id_fkey FOREIGN KEY (property_id) REFERENCES public.properties(id) ON DELETE CASCADE;


--
-- Name: subscription_plans subscription_plans_tenant_id_fkey; Type: FK CONSTRAINT; Schema: public; Owner: postgres
--

ALTER TABLE ONLY public.subscription_plans
    ADD CONSTRAINT subscription_plans_tenant_id_fkey FOREIGN KEY (tenant_id) REFERENCES public.tenants(id);


--
-- Name: transactions transactions_subscription_id_fkey; Type: FK CONSTRAINT; Schema: public; Owner: postgres
--

ALTER TABLE ONLY public.transactions
    ADD CONSTRAINT transactions_subscription_id_fkey FOREIGN KEY (subscription_id) REFERENCES public.user_subscriptions(id);


--
-- Name: transactions transactions_user_id_fkey; Type: FK CONSTRAINT; Schema: public; Owner: postgres
--

ALTER TABLE ONLY public.transactions
    ADD CONSTRAINT transactions_user_id_fkey FOREIGN KEY (user_id) REFERENCES public.users(id);


--
-- Name: user_activity user_activity_property_id_fkey; Type: FK CONSTRAINT; Schema: public; Owner: postgres
--

ALTER TABLE ONLY public.user_activity
    ADD CONSTRAINT user_activity_property_id_fkey FOREIGN KEY (property_id) REFERENCES public.properties(id) ON DELETE CASCADE;


--
-- Name: user_activity user_activity_user_id_fkey; Type: FK CONSTRAINT; Schema: public; Owner: postgres
--

ALTER TABLE ONLY public.user_activity
    ADD CONSTRAINT user_activity_user_id_fkey FOREIGN KEY (user_id) REFERENCES public.users(id) ON DELETE CASCADE;


--
-- Name: user_search_history user_search_history_user_id_fkey; Type: FK CONSTRAINT; Schema: public; Owner: postgres
--

ALTER TABLE ONLY public.user_search_history
    ADD CONSTRAINT user_search_history_user_id_fkey FOREIGN KEY (user_id) REFERENCES public.users(id) ON DELETE CASCADE;


--
-- Name: user_subscriptions user_subscriptions_plan_id_fkey; Type: FK CONSTRAINT; Schema: public; Owner: postgres
--

ALTER TABLE ONLY public.user_subscriptions
    ADD CONSTRAINT user_subscriptions_plan_id_fkey FOREIGN KEY (plan_id) REFERENCES public.subscription_plans(id);


--
-- Name: user_subscriptions user_subscriptions_user_id_fkey; Type: FK CONSTRAINT; Schema: public; Owner: postgres
--

ALTER TABLE ONLY public.user_subscriptions
    ADD CONSTRAINT user_subscriptions_user_id_fkey FOREIGN KEY (user_id) REFERENCES public.users(id);


--
-- Name: users users_tenant_id_fkey; Type: FK CONSTRAINT; Schema: public; Owner: postgres
--

ALTER TABLE ONLY public.users
    ADD CONSTRAINT users_tenant_id_fkey FOREIGN KEY (tenant_id) REFERENCES public.tenants(id) ON DELETE CASCADE;


--
-- PostgreSQL database dump complete
--

